# hmmscan :: search sequence(s) against a profile database
# HMMER 3.4 (Aug 2023); http://hmmer.org/
# Copyright (C) 2023 Howard Hughes Medical Institute.
# Freely distributed under the BSD open source license.
# - - - - - - - - - - - - - - - - - - - - - - - - - - - - - - - - - - - -
# query sequence file:             data/results/30-06-2026/prodigal/Astroviridae_30062026_no_cds_sequences_proteins.faa
# target HMM database:             /data/DB/PFAM-A/Pfam-A.hmm
# per-dom hits tabular output:     data/results/30-06-2026/hmmer/predicted_orfs/Astroviridae_30062026_predicted_domains.tbl
# show alignments in output:       no
# - - - - - - - - - - - - - - - - - - - - - - - - - - - - - - - - - - - -

Query:       PQ110289.1_1  [L=295]
Description: # 2 # 886 # 1 # ID=1_1;partial=10;start_type=Edge;rbs_motif=None;rbs_spacer=None;genetic_code=11;gc_cont=0.456
Scores for complete sequence (score includes all domains):
   --- full sequence ---   --- best 1 domain ---    -#dom-
    E-value  score  bias    E-value  score  bias    exp  N  Model    Description
    ------- ------ -----    ------- ------ -----   ---- --  -------- -----------

   [No hits detected that satisfy reporting thresholds]


Domain annotation for each model:

   [No targets detected that satisfy reporting thresholds]


Internal pipeline statistics summary:
-------------------------------------
Query sequence(s):                         1  (295 residues searched)
Target model(s):                       30134  (4754065 nodes)
Passed MSV filter:                      2297  (0.0762262); expected 602.7 (0.02)
Passed bias filter:                     1163  (0.0385943); expected 602.7 (0.02)
Passed Vit filter:                        81  (0.00268799); expected 30.1 (0.001)
Passed Fwd filter:                         0  (0); expected 0.3 (1e-05)
Initial search space (Z):              30134  [actual number of targets]
Domain search space  (domZ):               0  [number of targets reported over threshold]
# CPU time: 0.39u 0.23s 00:00:00.62 Elapsed: 00:00:04.79
# Mc/sec: 292.73
//
Query:       PQ110289.1_2  [L=408]
Description: # 1003 # 2226 # 1 # ID=1_2;partial=01;start_type=GTG;rbs_motif=None;rbs_spacer=None;genetic_code=11;gc_cont=0.431
Scores for complete sequence (score includes all domains):
   --- full sequence ---   --- best 1 domain ---    -#dom-
    E-value  score  bias    E-value  score  bias    exp  N  Model    Description
    ------- ------ -----    ------- ------ -----   ---- --  -------- -----------
      2e-10   40.7   0.0    2.3e-10   40.5   0.0    1.1  1  RdRP_1    Viral RNA-dependent RNA polymerase


Domain annotation for each model:
>> RdRP_1  Viral RNA-dependent RNA polymerase
   #    score  bias  c-Evalue  i-Evalue hmmfrom  hmm to    alifrom  ali to    envfrom  env to     acc
 ---   ------ ----- --------- --------- ------- -------    ------- -------    ------- -------    ----
   1 !   40.5   0.0   7.7e-15   2.3e-10     144     411 ..     116     387 ..      36     404 .. 0.87



Internal pipeline statistics summary:
-------------------------------------
Query sequence(s):                         1  (408 residues searched)
Target model(s):                       30134  (4754065 nodes)
Passed MSV filter:                       637  (0.0211389); expected 602.7 (0.02)
Passed bias filter:                      597  (0.0198115); expected 602.7 (0.02)
Passed Vit filter:                        44  (0.00146014); expected 30.1 (0.001)
Passed Fwd filter:                         1  (3.31851e-05); expected 0.3 (1e-05)
Initial search space (Z):              30134  [actual number of targets]
Domain search space  (domZ):               1  [number of targets reported over threshold]
# CPU time: 0.32u 0.17s 00:00:00.49 Elapsed: 00:00:02.15
# Mc/sec: 898.30
//
Query:       PP512783.1_1  [L=337]
Description: # 1 # 1011 # 1 # ID=2_1;partial=10;start_type=Edge;rbs_motif=None;rbs_spacer=None;genetic_code=11;gc_cont=0.421
Scores for complete sequence (score includes all domains):
   --- full sequence ---   --- best 1 domain ---    -#dom-
    E-value  score  bias    E-value  score  bias    exp  N  Model          Description
    ------- ------ -----    ------- ------ -----   ---- --  --------       -----------
  ------ inclusion threshold ------
      0.059   14.7   9.2       0.14   13.4   9.2    1.6  1  YabA            Initiation control protein YabA
       0.12   13.0   6.0      0.096   13.4   1.4    2.1  2  Syntaxin_2      Syntaxin-like protein
       0.18   12.5   3.8       0.24   12.2   2.3    2.0  2  Anionic_AP2     Anionic antimicrobial peptide 2
       0.19   12.4   4.3       0.28   11.9   4.3    1.2  1  Phage_scaffold  Phage capsid assembly scaffolding protein
       0.25   12.3   3.5        7.9    7.4   0.2    2.6  2  TSC22           TSC-22/dip/bun family
       0.54   10.4   2.4       0.68   10.1   2.4    1.1  1  Exonuc_VII_L    Exonuclease VII, large subunit
       0.58   10.9   8.5       0.87   10.3   8.5    1.2  1  Rootletin       Ciliary rootlet component, centrosome cohesio
       0.66   11.1   2.0        1.1   10.4   2.0    1.3  1  Ribosomal_S13   Ribosomal protein S13/S18
        2.3    9.2   3.3        4.1    8.4   3.3    1.4  1  FlxA            FlxA-like protein


Domain annotation for each model:
>> YabA  Initiation control protein YabA
   #    score  bias  c-Evalue  i-Evalue hmmfrom  hmm to    alifrom  ali to    envfrom  env to     acc
 ---   ------ ----- --------- --------- ------- -------    ------- -------    ------- -------    ----
   1 ?   13.4   9.2   4.3e-05      0.14       4      78 ..       4      80 ..       2      81 .. 0.82

>> Syntaxin_2  Syntaxin-like protein
   #    score  bias  c-Evalue  i-Evalue hmmfrom  hmm to    alifrom  ali to    envfrom  env to     acc
 ---   ------ ----- --------- --------- ------- -------    ------- -------    ------- -------    ----
   1 ?   13.4   1.4   2.9e-05     0.096      75     107 ..       2      34 ..       2      51 .. 0.87
   2 ?    1.6   0.2      0.13   4.3e+02      27      51 ..      55      80 ..      49      84 .. 0.84

>> Anionic_AP2  Anionic antimicrobial peptide 2
   #    score  bias  c-Evalue  i-Evalue hmmfrom  hmm to    alifrom  ali to    envfrom  env to     acc
 ---   ------ ----- --------- --------- ------- -------    ------- -------    ------- -------    ----
   1 ?   12.2   2.3   7.1e-05      0.24       1      25 [.       2      26 ..       2      37 .. 0.89
   2 ?   -2.5   0.0       2.7   9.1e+03      22      31 ..     196     205 ..     196     207 .. 0.80

>> Phage_scaffold  Phage capsid assembly scaffolding protein
   #    score  bias  c-Evalue  i-Evalue hmmfrom  hmm to    alifrom  ali to    envfrom  env to     acc
 ---   ------ ----- --------- --------- ------- -------    ------- -------    ------- -------    ----
   1 ?   11.9   4.3   8.3e-05      0.28      41     118 ..       1      82 [.       1      89 [. 0.87

>> TSC22  TSC-22/dip/bun family
   #    score  bias  c-Evalue  i-Evalue hmmfrom  hmm to    alifrom  ali to    envfrom  env to     acc
 ---   ------ ----- --------- --------- ------- -------    ------- -------    ------- -------    ----
   1 ?    5.3   0.5     0.011        37      14      34 ..       1      21 [.       1      24 [. 0.91
   2 ?    7.4   0.2    0.0024       7.9      17      45 ..      26      54 ..      22      67 .. 0.82

>> Exonuc_VII_L  Exonuclease VII, large subunit
   #    score  bias  c-Evalue  i-Evalue hmmfrom  hmm to    alifrom  ali to    envfrom  env to     acc
 ---   ------ ----- --------- --------- ------- -------    ------- -------    ------- -------    ----
   1 ?   10.1   2.4    0.0002      0.68     143     216 ..       4      80 ..       1     108 [. 0.81

>> Rootletin  Ciliary rootlet component, centrosome cohesion
   #    score  bias  c-Evalue  i-Evalue hmmfrom  hmm to    alifrom  ali to    envfrom  env to     acc
 ---   ------ ----- --------- --------- ------- -------    ------- -------    ------- -------    ----
   1 ?   10.3   8.5   0.00026      0.87      18      83 ..       3      74 ..       1      83 [. 0.82

>> Ribosomal_S13  Ribosomal protein S13/S18
   #    score  bias  c-Evalue  i-Evalue hmmfrom  hmm to    alifrom  ali to    envfrom  env to     acc
 ---   ------ ----- --------- --------- ------- -------    ------- -------    ------- -------    ----
   1 ?   10.4   2.0   0.00033       1.1      39     109 ..      13      87 ..       3      90 .. 0.77

>> FlxA  FlxA-like protein
   #    score  bias  c-Evalue  i-Evalue hmmfrom  hmm to    alifrom  ali to    envfrom  env to     acc
 ---   ------ ----- --------- --------- ------- -------    ------- -------    ------- -------    ----
   1 ?    8.4   3.3    0.0012       4.1      18      53 ..       2      35 ..       1      39 [. 0.73



Internal pipeline statistics summary:
-------------------------------------
Query sequence(s):                         1  (337 residues searched)
Target model(s):                       30134  (4754065 nodes)
Passed MSV filter:                      3341  (0.110871); expected 602.7 (0.02)
Passed bias filter:                     1790  (0.0594013); expected 602.7 (0.02)
Passed Vit filter:                       246  (0.00816354); expected 30.1 (0.001)
Passed Fwd filter:                        11  (0.000365036); expected 0.3 (1e-05)
Initial search space (Z):              30134  [actual number of targets]
Domain search space  (domZ):               9  [number of targets reported over threshold]
# CPU time: 0.47u 0.24s 00:00:00.71 Elapsed: 00:00:04.76
# Mc/sec: 336.03
//
Query:       PP512783.1_2  [L=257]
Description: # 1128 # 1898 # 1 # ID=2_2;partial=00;start_type=ATG;rbs_motif=None;rbs_spacer=None;genetic_code=11;gc_cont=0.418
Scores for complete sequence (score includes all domains):
   --- full sequence ---   --- best 1 domain ---    -#dom-
    E-value  score  bias    E-value  score  bias    exp  N  Model           Description
    ------- ------ -----    ------- ------ -----   ---- --  --------        -----------
    5.5e-29  101.8   3.5      1e-28  101.0   3.5    1.4  1  Astro_VPg        Astrovirus VPg protein
  ------ inclusion threshold ------
       0.14   12.6   0.0       0.22   11.9   0.0    1.3  1  DUF6698          Family of unknown function (DUF6698)
       0.15   12.3   0.3        8.3    6.7   0.1    2.5  2  Fip1             Fip1 motif
       0.31   11.8   1.8       0.55   11.0   1.8    1.4  1  PTPlike_phytase  Inositol hexakisphosphate
       0.84   11.2   0.0       0.84   11.2   0.0    3.3  3  zf-C2H2_4        C2H2-type zinc finger
       0.84   10.9   0.0       0.84   10.9   0.0    2.7  3  zf-C2H2          Zinc finger, C2H2 type
        1.1    9.9   6.7        8.2    7.1   0.1    2.7  2  Zn_ribbon_RPB9   RNA polymerases M/15 Kd subunit
        3.8    8.5  12.7    4.2e+02    1.9  12.7    2.5  1  DZR              Double zinc ribbon


Domain annotation for each model:
>> Astro_VPg  Astrovirus VPg protein
   #    score  bias  c-Evalue  i-Evalue hmmfrom  hmm to    alifrom  ali to    envfrom  env to     acc
 ---   ------ ----- --------- --------- ------- -------    ------- -------    ------- -------    ----
   1 !  101.0   3.5   2.6e-32     1e-28       2      93 ..      58     142 ..      57     152 .. 0.96

>> DUF6698  Family of unknown function (DUF6698)
   #    score  bias  c-Evalue  i-Evalue hmmfrom  hmm to    alifrom  ali to    envfrom  env to     acc
 ---   ------ ----- --------- --------- ------- -------    ------- -------    ------- -------    ----
   1 ?   11.9   0.0   5.9e-05      0.22      28      74 ..      55     103 ..      36     132 .. 0.77

>> Fip1  Fip1 motif
   #    score  bias  c-Evalue  i-Evalue hmmfrom  hmm to    alifrom  ali to    envfrom  env to     acc
 ---   ------ ----- --------- --------- ------- -------    ------- -------    ------- -------    ----
   1 ?    6.7   0.1    0.0022       8.3      15      25 ..       3      13 ..       1      14 [. 0.90
   2 ?    3.1   0.0      0.03   1.1e+02      27      37 ..     115     125 ..     114     129 .. 0.83

>> PTPlike_phytase  Inositol hexakisphosphate
   #    score  bias  c-Evalue  i-Evalue hmmfrom  hmm to    alifrom  ali to    envfrom  env to     acc
 ---   ------ ----- --------- --------- ------- -------    ------- -------    ------- -------    ----
   1 ?   11.0   1.8   0.00015      0.55      24     103 ..      27     106 ..      15     121 .. 0.77

>> zf-C2H2_4  C2H2-type zinc finger
   #    score  bias  c-Evalue  i-Evalue hmmfrom  hmm to    alifrom  ali to    envfrom  env to     acc
 ---   ------ ----- --------- --------- ------- -------    ------- -------    ------- -------    ----
   1 ?   -3.5   0.4         8     3e+04       3       7 ..     190     194 ..     189     195 .. 0.77
   2 ?    1.7   0.2      0.27     1e+03       2      15 ..     212     225 ..     211     231 .. 0.77
   3 ?   11.2   0.0   0.00022      0.84       2      20 ..     231     249 ..     230     251 .. 0.92

>> zf-C2H2  Zinc finger, C2H2 type
   #    score  bias  c-Evalue  i-Evalue hmmfrom  hmm to    alifrom  ali to    envfrom  env to     acc
 ---   ------ ----- --------- --------- ------- -------    ------- -------    ------- -------    ----
   1 ?   -2.6   0.3       4.4   1.6e+04       2       7 ..     189     194 ..     189     195 .. 0.84
   2 ?   -3.0   1.5       5.9   2.2e+04       2       8 ..     212     218 ..     211     219 .. 0.78
   3 ?   10.9   0.0   0.00022      0.84       3      19 ..     232     248 ..     230     250 .. 0.94

>> Zn_ribbon_RPB9  RNA polymerases M/15 Kd subunit
   #    score  bias  c-Evalue  i-Evalue hmmfrom  hmm to    alifrom  ali to    envfrom  env to     acc
 ---   ------ ----- --------- --------- ------- -------    ------- -------    ------- -------    ----
   1 ?    7.1   0.1    0.0022       8.2      20      32 ..     188     198 ..     181     200 .. 0.76
   2 ?    3.1   3.4     0.039   1.5e+02       2      28 ..     211     236 ..     210     239 .. 0.71

>> DZR  Double zinc ribbon
   #    score  bias  c-Evalue  i-Evalue hmmfrom  hmm to    alifrom  ali to    envfrom  env to     acc
 ---   ------ ----- --------- --------- ------- -------    ------- -------    ------- -------    ----
   1 ?    1.9  12.7      0.11   4.2e+02       1      32 [.     190     237 ..     178     241 .. 0.61



Internal pipeline statistics summary:
-------------------------------------
Query sequence(s):                         1  (257 residues searched)
Target model(s):                       30134  (4754065 nodes)
Passed MSV filter:                      2936  (0.0974315); expected 602.7 (0.02)
Passed bias filter:                     1130  (0.0374992); expected 602.7 (0.02)
Passed Vit filter:                       117  (0.00388266); expected 30.1 (0.001)
Passed Fwd filter:                        10  (0.000331851); expected 0.3 (1e-05)
Initial search space (Z):              30134  [actual number of targets]
Domain search space  (domZ):               8  [number of targets reported over threshold]
# CPU time: 0.34u 0.18s 00:00:00.52 Elapsed: 00:00:02.81
# Mc/sec: 433.47
//
Query:       PP512783.1_3  [L=358]
Description: # 1883 # 2956 # 1 # ID=2_3;partial=00;start_type=TTG;rbs_motif=None;rbs_spacer=None;genetic_code=11;gc_cont=0.383
Scores for complete sequence (score includes all domains):
   --- full sequence ---   --- best 1 domain ---    -#dom-
    E-value  score  bias    E-value  score  bias    exp  N  Model    Description
    ------- ------ -----    ------- ------ -----   ---- --  -------- -----------
    6.5e-51  174.2   0.4    7.9e-51  173.9   0.4    1.0  1  RdRP_1    Viral RNA-dependent RNA polymerase


Domain annotation for each model:
>> RdRP_1  Viral RNA-dependent RNA polymerase
   #    score  bias  c-Evalue  i-Evalue hmmfrom  hmm to    alifrom  ali to    envfrom  env to     acc
 ---   ------ ----- --------- --------- ------- -------    ------- -------    ------- -------    ----
   1 !  173.9   0.4   2.6e-55   7.9e-51      10     313 ..      41     352 ..      38     357 .. 0.89



Internal pipeline statistics summary:
-------------------------------------
Query sequence(s):                         1  (358 residues searched)
Target model(s):                       30134  (4754065 nodes)
Passed MSV filter:                       714  (0.0236942); expected 602.7 (0.02)
Passed bias filter:                      543  (0.0180195); expected 602.7 (0.02)
Passed Vit filter:                        27  (0.000895998); expected 30.1 (0.001)
Passed Fwd filter:                         1  (3.31851e-05); expected 0.3 (1e-05)
Initial search space (Z):              30134  [actual number of targets]
Domain search space  (domZ):               1  [number of targets reported over threshold]
# CPU time: 0.32u 0.14s 00:00:00.46 Elapsed: 00:00:01.44
# Mc/sec: 1180.05
//
Query:       PP512783.1_4  [L=156]
Description: # 3196 # 3663 # 1 # ID=2_4;partial=00;start_type=TTG;rbs_motif=None;rbs_spacer=None;genetic_code=11;gc_cont=0.438
Scores for complete sequence (score includes all domains):
   --- full sequence ---   --- best 1 domain ---    -#dom-
    E-value  score  bias    E-value  score  bias    exp  N  Model          Description
    ------- ------ -----    ------- ------ -----   ---- --  --------       -----------
      7e-11   42.7   9.4    9.9e-11   42.2   8.9    1.5  2  Astro_capsid_N  Astrovirus capsid protein nucleoplasmin-like 
  ------ inclusion threshold ------
       0.12   11.9   4.0       0.15   11.6   4.0    1.0  1  Glypican        Glypican
          1    9.0   4.2        1.1    8.9   4.2    1.2  1  EBNA2_Core      EBNA-2 core transactivation domain


Domain annotation for each model:
>> Astro_capsid_N  Astrovirus capsid protein nucleoplasmin-like domain
   #    score  bias  c-Evalue  i-Evalue hmmfrom  hmm to    alifrom  ali to    envfrom  env to     acc
 ---   ------ ----- --------- --------- ------- -------    ------- -------    ------- -------    ----
   1 ?   -2.4   0.0       0.4     4e+03      10      40 ..      29      55 ..      21      64 .. 0.42
   2 !   42.2   8.9   9.9e-15   9.9e-11       2     102 ..      63     153 ..      49     154 .. 0.74

>> Glypican  Glypican
   #    score  bias  c-Evalue  i-Evalue hmmfrom  hmm to    alifrom  ali to    envfrom  env to     acc
 ---   ------ ----- --------- --------- ------- -------    ------- -------    ------- -------    ----
   1 ?   11.6   4.0   1.5e-05      0.15     321     385 ..      47     113 ..      35     118 .. 0.77

>> EBNA2_Core  EBNA-2 core transactivation domain
   #    score  bias  c-Evalue  i-Evalue hmmfrom  hmm to    alifrom  ali to    envfrom  env to     acc
 ---   ------ ----- --------- --------- ------- -------    ------- -------    ------- -------    ----
   1 ?    8.9   4.2   0.00011       1.1     241     274 ..      52      83 ..      22     116 .. 0.69



Internal pipeline statistics summary:
-------------------------------------
Query sequence(s):                         1  (156 residues searched)
Target model(s):                       30134  (4754065 nodes)
Passed MSV filter:                      1859  (0.0616911); expected 602.7 (0.02)
Passed bias filter:                      841  (0.0279087); expected 602.7 (0.02)
Passed Vit filter:                        53  (0.00175881); expected 30.1 (0.001)
Passed Fwd filter:                         3  (9.95553e-05); expected 0.3 (1e-05)
Initial search space (Z):              30134  [actual number of targets]
Domain search space  (domZ):               3  [number of targets reported over threshold]
# CPU time: 0.29u 0.15s 00:00:00.43 Elapsed: 00:00:02.16
# Mc/sec: 343.33
//
Query:       PP512783.1_5  [L=206]
Description: # 3660 # 4277 # 1 # ID=2_5;partial=00;start_type=TTG;rbs_motif=GGA/GAG/AGG;rbs_spacer=5-10bp;genetic_code=11;gc_cont=0.479
Scores for complete sequence (score includes all domains):
   --- full sequence ---   --- best 1 domain ---    -#dom-
    E-value  score  bias    E-value  score  bias    exp  N  Model          Description
    ------- ------ -----    ------- ------ -----   ---- --  --------       -----------
    4.7e-48  164.4   0.8    5.6e-48  164.2   0.8    1.1  1  Astro_capsid_N  Astrovirus capsid protein nucleoplasmin-like 
  ------ inclusion threshold ------
       0.14   12.7   0.0       0.25   11.9   0.0    1.4  1  Viral_coat      Viral coat protein (S domain)


Domain annotation for each model:
>> Astro_capsid_N  Astrovirus capsid protein nucleoplasmin-like domain
   #    score  bias  c-Evalue  i-Evalue hmmfrom  hmm to    alifrom  ali to    envfrom  env to     acc
 ---   ------ ----- --------- --------- ------- -------    ------- -------    ------- -------    ----
   1 !  164.2   0.8   3.7e-52   5.6e-48     115     249 .]       2     137 ..       1     137 [. 0.97

>> Viral_coat  Viral coat protein (S domain)
   #    score  bias  c-Evalue  i-Evalue hmmfrom  hmm to    alifrom  ali to    envfrom  env to     acc
 ---   ------ ----- --------- --------- ------- -------    ------- -------    ------- -------    ----
   1 ?   11.9   0.0   1.7e-05      0.25      76     124 ..       3      53 ..       1      66 [. 0.82



Internal pipeline statistics summary:
-------------------------------------
Query sequence(s):                         1  (206 residues searched)
Target model(s):                       30134  (4754065 nodes)
Passed MSV filter:                       536  (0.0177872); expected 602.7 (0.02)
Passed bias filter:                      499  (0.0165594); expected 602.7 (0.02)
Passed Vit filter:                        34  (0.00112829); expected 30.1 (0.001)
Passed Fwd filter:                         2  (6.63702e-05); expected 0.3 (1e-05)
Initial search space (Z):              30134  [actual number of targets]
Domain search space  (domZ):               2  [number of targets reported over threshold]
# CPU time: 0.26u 0.14s 00:00:00.40 Elapsed: 00:00:01.44
# Mc/sec: 678.50
//
Query:       PP512783.1_6  [L=222]
Description: # 4253 # 4918 # 1 # ID=2_6;partial=00;start_type=TTG;rbs_motif=GGA/GAG/AGG;rbs_spacer=11-12bp;genetic_code=11;gc_cont=0.447
Scores for complete sequence (score includes all domains):
   --- full sequence ---   --- best 1 domain ---    -#dom-
    E-value  score  bias    E-value  score  bias    exp  N  Model    Description
    ------- ------ -----    ------- ------ -----   ---- --  -------- -----------

   [No hits detected that satisfy reporting thresholds]


Domain annotation for each model:

   [No targets detected that satisfy reporting thresholds]


Internal pipeline statistics summary:
-------------------------------------
Query sequence(s):                         1  (222 residues searched)
Target model(s):                       30134  (4754065 nodes)
Passed MSV filter:                       424  (0.0140705); expected 602.7 (0.02)
Passed bias filter:                      355  (0.0117807); expected 602.7 (0.02)
Passed Vit filter:                        27  (0.000895998); expected 30.1 (0.001)
Passed Fwd filter:                         0  (0); expected 0.3 (1e-05)
Initial search space (Z):              30134  [actual number of targets]
Domain search space  (domZ):               0  [number of targets reported over threshold]
# CPU time: 0.25u 0.14s 00:00:00.39 Elapsed: 00:00:01.00
# Mc/sec: 1053.18
//
Query:       OR800315.1_1  [L=93]
Description: # 85 # 363 # 1 # ID=3_1;partial=00;start_type=ATG;rbs_motif=None;rbs_spacer=None;genetic_code=11;gc_cont=0.491
Scores for complete sequence (score includes all domains):
   --- full sequence ---   --- best 1 domain ---    -#dom-
    E-value  score  bias    E-value  score  bias    exp  N  Model           Description
    ------- ------ -----    ------- ------ -----   ---- --  --------        -----------
  ------ inclusion threshold ------
      0.076   13.8   0.9       0.12   13.1   0.9    1.3  1  zf-RING_DCST1_C  E3 ubiquitin-protein ligase DCST1-like, C-te
       0.96   10.6   0.1       0.96   10.6   0.1    2.7  3  DUF7564          Family of unknown function (DUF7564)


Domain annotation for each model:
>> zf-RING_DCST1_C  E3 ubiquitin-protein ligase DCST1-like, C-terminal RING domain
   #    score  bias  c-Evalue  i-Evalue hmmfrom  hmm to    alifrom  ali to    envfrom  env to     acc
 ---   ------ ----- --------- --------- ------- -------    ------- -------    ------- -------    ----
   1 ?   13.1   0.9   7.8e-06      0.12       2      22 ..      71      92 ..      70      92 .. 0.87

>> DUF7564  Family of unknown function (DUF7564)
   #    score  bias  c-Evalue  i-Evalue hmmfrom  hmm to    alifrom  ali to    envfrom  env to     acc
 ---   ------ ----- --------- --------- ------- -------    ------- -------    ------- -------    ----
   1 ?    0.4   0.2     0.098   1.5e+03      48      68 ..      18      38 ..       5      43 .. 0.62
   2 ?    1.8   0.1     0.035   5.2e+02      35      53 ..      49      67 ..      46      71 .. 0.75
   3 ?   10.6   0.1   6.4e-05      0.96       4      21 ..      68      85 ..      65      89 .. 0.82



Internal pipeline statistics summary:
-------------------------------------
Query sequence(s):                         1  (93 residues searched)
Target model(s):                       30134  (4754065 nodes)
Passed MSV filter:                      2973  (0.0986593); expected 602.7 (0.02)
Passed bias filter:                     1031  (0.0342138); expected 602.7 (0.02)
Passed Vit filter:                       127  (0.00421451); expected 30.1 (0.001)
Passed Fwd filter:                         2  (6.63702e-05); expected 0.3 (1e-05)
Initial search space (Z):              30134  [actual number of targets]
Domain search space  (domZ):               2  [number of targets reported over threshold]
# CPU time: 0.29u 0.15s 00:00:00.43 Elapsed: 00:00:02.11
# Mc/sec: 209.53
//
Query:       OR800315.1_2  [L=53]
Description: # 432 # 590 # 1 # ID=3_2;partial=01;start_type=ATG;rbs_motif=AATAA;rbs_spacer=13bp;genetic_code=11;gc_cont=0.440
Scores for complete sequence (score includes all domains):
   --- full sequence ---   --- best 1 domain ---    -#dom-
    E-value  score  bias    E-value  score  bias    exp  N  Model    Description
    ------- ------ -----    ------- ------ -----   ---- --  -------- -----------

   [No hits detected that satisfy reporting thresholds]


Domain annotation for each model:

   [No targets detected that satisfy reporting thresholds]


Internal pipeline statistics summary:
-------------------------------------
Query sequence(s):                         1  (53 residues searched)
Target model(s):                       30134  (4754065 nodes)
Passed MSV filter:                       310  (0.0102874); expected 602.7 (0.02)
Passed bias filter:                      299  (0.00992235); expected 602.7 (0.02)
Passed Vit filter:                        21  (0.000696887); expected 30.1 (0.001)
Passed Fwd filter:                         0  (0); expected 0.3 (1e-05)
Initial search space (Z):              30134  [actual number of targets]
Domain search space  (domZ):               0  [number of targets reported over threshold]
# CPU time: 0.24u 0.09s 00:00:00.32 Elapsed: 00:00:00.92
# Mc/sec: 273.86
//
Query:       OP474168.1_1  [L=83]
Description: # 1 # 249 # 1 # ID=4_1;partial=10;start_type=Edge;rbs_motif=None;rbs_spacer=None;genetic_code=11;gc_cont=0.438
Scores for complete sequence (score includes all domains):
   --- full sequence ---   --- best 1 domain ---    -#dom-
    E-value  score  bias    E-value  score  bias    exp  N  Model    Description
    ------- ------ -----    ------- ------ -----   ---- --  -------- -----------

   [No hits detected that satisfy reporting thresholds]


Domain annotation for each model:

   [No targets detected that satisfy reporting thresholds]


Internal pipeline statistics summary:
-------------------------------------
Query sequence(s):                         1  (83 residues searched)
Target model(s):                       30134  (4754065 nodes)
Passed MSV filter:                       414  (0.0137386); expected 602.7 (0.02)
Passed bias filter:                      357  (0.0118471); expected 602.7 (0.02)
Passed Vit filter:                        29  (0.000962368); expected 30.1 (0.001)
Passed Fwd filter:                         0  (0); expected 0.3 (1e-05)
Initial search space (Z):              30134  [actual number of targets]
Domain search space  (domZ):               0  [number of targets reported over threshold]
# CPU time: 0.22u 0.14s 00:00:00.36 Elapsed: 00:00:00.91
# Mc/sec: 431.67
//
Query:       OP474168.1_2  [L=653]
Description: # 239 # 2197 # 1 # ID=4_2;partial=01;start_type=ATG;rbs_motif=AGxAG;rbs_spacer=3-4bp;genetic_code=11;gc_cont=0.490
Scores for complete sequence (score includes all domains):
   --- full sequence ---   --- best 1 domain ---    -#dom-
    E-value  score  bias    E-value  score  bias    exp  N  Model          Description
    ------- ------ -----    ------- ------ -----   ---- --  --------       -----------
    8.3e-60  202.9   1.0    1.4e-59  202.2   1.0    1.4  1  Astro_capsid_N  Astrovirus capsid protein nucleoplasmin-like 
    3.4e-05   24.7   0.0      7e-05   23.7   0.0    1.4  1  SP2_M           Structural protein 2 second domain


Domain annotation for each model:
>> Astro_capsid_N  Astrovirus capsid protein nucleoplasmin-like domain
   #    score  bias  c-Evalue  i-Evalue hmmfrom  hmm to    alifrom  ali to    envfrom  env to     acc
 ---   ------ ----- --------- --------- ------- -------    ------- -------    ------- -------    ----
   1 !  202.2   1.0   9.4e-64   1.4e-59      27     249 .]      41     260 ..       5     260 .. 0.89

>> SP2_M  Structural protein 2 second domain
   #    score  bias  c-Evalue  i-Evalue hmmfrom  hmm to    alifrom  ali to    envfrom  env to     acc
 ---   ------ ----- --------- --------- ------- -------    ------- -------    ------- -------    ----
   1 !   23.7   0.0   4.6e-09     7e-05      22     115 ..     289     385 ..     280     398 .. 0.85



Internal pipeline statistics summary:
-------------------------------------
Query sequence(s):                         1  (653 residues searched)
Target model(s):                       30134  (4754065 nodes)
Passed MSV filter:                      2008  (0.0666357); expected 602.7 (0.02)
Passed bias filter:                     1274  (0.0422778); expected 602.7 (0.02)
Passed Vit filter:                       130  (0.00431406); expected 30.1 (0.001)
Passed Fwd filter:                         2  (6.63702e-05); expected 0.3 (1e-05)
Initial search space (Z):              30134  [actual number of targets]
Domain search space  (domZ):               2  [number of targets reported over threshold]
# CPU time: 0.59u 0.15s 00:00:00.74 Elapsed: 00:00:02.41
# Mc/sec: 1285.60
//
Query:       MN733910.1_1  [L=152]
Description: # 3 # 458 # 1 # ID=5_1;partial=11;start_type=Edge;rbs_motif=None;rbs_spacer=None;genetic_code=11;gc_cont=0.450
Scores for complete sequence (score includes all domains):
   --- full sequence ---   --- best 1 domain ---    -#dom-
    E-value  score  bias    E-value  score  bias    exp  N  Model         Description
    ------- ------ -----    ------- ------ -----   ---- --  --------      -----------
    4.6e-16   59.4  11.3    5.2e-16   59.2  11.3    1.0  1  MFS_1          Major Facilitator Superfamily
    6.3e-09   35.9   7.0    7.2e-09   35.7   7.0    1.0  1  Sugar_tr       Sugar (and other) transporter
     0.0024   17.1   0.2     0.0027   16.9   0.2    1.0  1  MFS_3          Transmembrane secretion effector
     0.0049   16.7   6.1     0.0055   16.5   6.1    1.0  1  Nuc_H_symport  Nucleoside H+ symporter
  ------ inclusion threshold ------
       0.01   15.7   8.1      0.019   14.8   7.8    1.5  1  MFS_1_like     MFS_1 like family
       0.42    9.6   5.5       0.35    9.8   4.5    1.3  1  OATP           Organic Anion Transporter Polypeptide (OATP) f
       0.63   10.3   7.4        1.4    9.1   7.4    1.7  1  DUF6652        Family of unknown function (DUF6652)


Domain annotation for each model:
>> MFS_1  Major Facilitator Superfamily
   #    score  bias  c-Evalue  i-Evalue hmmfrom  hmm to    alifrom  ali to    envfrom  env to     acc
 ---   ------ ----- --------- --------- ------- -------    ------- -------    ------- -------    ----
   1 !   59.2  11.3   1.2e-19   5.2e-16     199     334 ..      15     152 .]       2     152 .] 0.79

>> Sugar_tr  Sugar (and other) transporter
   #    score  bias  c-Evalue  i-Evalue hmmfrom  hmm to    alifrom  ali to    envfrom  env to     acc
 ---   ------ ----- --------- --------- ------- -------    ------- -------    ------- -------    ----
   1 !   35.7   7.0   1.7e-12   7.2e-09     239     388 ..       9     150 ..       2     152 .] 0.81

>> MFS_3  Transmembrane secretion effector
   #    score  bias  c-Evalue  i-Evalue hmmfrom  hmm to    alifrom  ali to    envfrom  env to     acc
 ---   ------ ----- --------- --------- ------- -------    ------- -------    ------- -------    ----
   1 !   16.9   0.2   6.4e-07    0.0027      47     121 ..      61     134 ..      37     148 .. 0.83

>> Nuc_H_symport  Nucleoside H+ symporter
   #    score  bias  c-Evalue  i-Evalue hmmfrom  hmm to    alifrom  ali to    envfrom  env to     acc
 ---   ------ ----- --------- --------- ------- -------    ------- -------    ------- -------    ----
   1 !   16.5   6.1   1.3e-06    0.0055     202     340 ..      14     151 ..       6     152 .] 0.80

>> MFS_1_like  MFS_1 like family
   #    score  bias  c-Evalue  i-Evalue hmmfrom  hmm to    alifrom  ali to    envfrom  env to     acc
 ---   ------ ----- --------- --------- ------- -------    ------- -------    ------- -------    ----
   1 ?   14.8   7.8   4.3e-06     0.019       9     108 ..      34     133 ..      27     141 .. 0.85

>> OATP  Organic Anion Transporter Polypeptide (OATP) family
   #    score  bias  c-Evalue  i-Evalue hmmfrom  hmm to    alifrom  ali to    envfrom  env to     acc
 ---   ------ ----- --------- --------- ------- -------    ------- -------    ------- -------    ----
   1 ?    9.8   4.5   8.2e-05      0.35     287     357 ..      22      91 ..       4     112 .. 0.76

>> DUF6652  Family of unknown function (DUF6652)
   #    score  bias  c-Evalue  i-Evalue hmmfrom  hmm to    alifrom  ali to    envfrom  env to     acc
 ---   ------ ----- --------- --------- ------- -------    ------- -------    ------- -------    ----
   1 ?    9.1   7.4   0.00033       1.4     106     141 ..      95     130 ..      52     138 .. 0.88



Internal pipeline statistics summary:
-------------------------------------
Query sequence(s):                         1  (152 residues searched)
Target model(s):                       30134  (4754065 nodes)
Passed MSV filter:                      1093  (0.0362713); expected 602.7 (0.02)
Passed bias filter:                      497  (0.016493); expected 602.7 (0.02)
Passed Vit filter:                        42  (0.00139377); expected 30.1 (0.001)
Passed Fwd filter:                         8  (0.000265481); expected 0.3 (1e-05)
Initial search space (Z):              30134  [actual number of targets]
Domain search space  (domZ):               7  [number of targets reported over threshold]
# CPU time: 0.24u 0.17s 00:00:00.41 Elapsed: 00:00:01.13
# Mc/sec: 636.02
//
Query:       MN036159.1_1  [L=100]
Description: # 1 # 300 # -1 # ID=6_1;partial=10;start_type=ATG;rbs_motif=None;rbs_spacer=None;genetic_code=11;gc_cont=0.513
Scores for complete sequence (score includes all domains):
   --- full sequence ---   --- best 1 domain ---    -#dom-
    E-value  score  bias    E-value  score  bias    exp  N  Model    Description
    ------- ------ -----    ------- ------ -----   ---- --  -------- -----------

   [No hits detected that satisfy reporting thresholds]


Domain annotation for each model:

   [No targets detected that satisfy reporting thresholds]


Internal pipeline statistics summary:
-------------------------------------
Query sequence(s):                         1  (100 residues searched)
Target model(s):                       30134  (4754065 nodes)
Passed MSV filter:                      1306  (0.0433397); expected 602.7 (0.02)
Passed bias filter:                      710  (0.0235614); expected 602.7 (0.02)
Passed Vit filter:                        46  (0.00152651); expected 30.1 (0.001)
Passed Fwd filter:                         0  (0); expected 0.3 (1e-05)
Initial search space (Z):              30134  [actual number of targets]
Domain search space  (domZ):               0  [number of targets reported over threshold]
# CPU time: 0.26u 0.13s 00:00:00.39 Elapsed: 00:00:01.10
# Mc/sec: 431.28
//
Query:       MN036159.1_2  [L=533]
Description: # 293 # 1891 # -1 # ID=6_2;partial=00;start_type=ATG;rbs_motif=AGxAGG/AGGxGG;rbs_spacer=11-12bp;genetic_code=11;gc_cont=0.464
Scores for complete sequence (score includes all domains):
   --- full sequence ---   --- best 1 domain ---    -#dom-
    E-value  score  bias    E-value  score  bias    exp  N  Model    Description
    ------- ------ -----    ------- ------ -----   ---- --  -------- -----------
    2.1e-18   67.0   0.2      3e-18   66.5   0.2    1.1  1  RdRP_1    Viral RNA-dependent RNA polymerase


Domain annotation for each model:
>> RdRP_1  Viral RNA-dependent RNA polymerase
   #    score  bias  c-Evalue  i-Evalue hmmfrom  hmm to    alifrom  ali to    envfrom  env to     acc
 ---   ------ ----- --------- --------- ------- -------    ------- -------    ------- -------    ----
   1 !   66.5   0.2   9.9e-23     3e-18      99     391 ..     126     410 ..     116     426 .. 0.79



Internal pipeline statistics summary:
-------------------------------------
Query sequence(s):                         1  (533 residues searched)
Target model(s):                       30134  (4754065 nodes)
Passed MSV filter:                       751  (0.024922); expected 602.7 (0.02)
Passed bias filter:                      705  (0.0233955); expected 602.7 (0.02)
Passed Vit filter:                        48  (0.00159289); expected 30.1 (0.001)
Passed Fwd filter:                         1  (3.31851e-05); expected 0.3 (1e-05)
Initial search space (Z):              30134  [actual number of targets]
Domain search space  (domZ):               1  [number of targets reported over threshold]
# CPU time: 0.42u 0.12s 00:00:00.54 Elapsed: 00:00:01.54
# Mc/sec: 1641.18
//
Query:       MN036159.1_3  [L=88]
Description: # 1930 # 2193 # -1 # ID=6_3;partial=01;start_type=Edge;rbs_motif=None;rbs_spacer=None;genetic_code=11;gc_cont=0.477
Scores for complete sequence (score includes all domains):
   --- full sequence ---   --- best 1 domain ---    -#dom-
    E-value  score  bias    E-value  score  bias    exp  N  Model     Description
    ------- ------ -----    ------- ------ -----   ---- --  --------  -----------
      0.005   18.3   0.0     0.0074   17.7   0.0    1.3  1  Trypsin_2  Trypsin-like peptidase domain
  ------ inclusion threshold ------
       0.07   13.8   0.2       0.12   13.0   0.0    1.6  2  TCAD3      Ternary complex associated domain 3
        0.1   13.4   0.0       0.13   13.0   0.0    1.2  1  UCH_UBL1   Ubiquitin carboxyl-terminal hydrolases, Ubiquitin-


Domain annotation for each model:
>> Trypsin_2  Trypsin-like peptidase domain
   #    score  bias  c-Evalue  i-Evalue hmmfrom  hmm to    alifrom  ali to    envfrom  env to     acc
 ---   ------ ----- --------- --------- ------- -------    ------- -------    ------- -------    ----
   1 !   17.7   0.0   7.4e-07    0.0074     118     145 .]      12      40 ..       2      40 .. 0.85

>> TCAD3  Ternary complex associated domain 3
   #    score  bias  c-Evalue  i-Evalue hmmfrom  hmm to    alifrom  ali to    envfrom  env to     acc
 ---   ------ ----- --------- --------- ------- -------    ------- -------    ------- -------    ----
   1 ?   -3.8   0.2       2.2   2.2e+04      27      30 ..      23      26 ..      22      28 .. 0.80
   2 ?   13.0   0.0   1.2e-05      0.12      26      47 ..      50      71 ..      43      72 .. 0.87

>> UCH_UBL1  Ubiquitin carboxyl-terminal hydrolases, Ubiquitin-like 1
   #    score  bias  c-Evalue  i-Evalue hmmfrom  hmm to    alifrom  ali to    envfrom  env to     acc
 ---   ------ ----- --------- --------- ------- -------    ------- -------    ------- -------    ----
   1 ?   13.0   0.0   1.3e-05      0.13      14      47 ..      44      77 ..      35      81 .. 0.88



Internal pipeline statistics summary:
-------------------------------------
Query sequence(s):                         1  (88 residues searched)
Target model(s):                       30134  (4754065 nodes)
Passed MSV filter:                       483  (0.0160284); expected 602.7 (0.02)
Passed bias filter:                      449  (0.0149001); expected 602.7 (0.02)
Passed Vit filter:                        41  (0.00136059); expected 30.1 (0.001)
Passed Fwd filter:                         3  (9.95553e-05); expected 0.3 (1e-05)
Initial search space (Z):              30134  [actual number of targets]
Domain search space  (domZ):               3  [number of targets reported over threshold]
# CPU time: 0.21u 0.14s 00:00:00.35 Elapsed: 00:00:00.98
# Mc/sec: 426.27
//
Query:       MN036131.1_1  [L=550]
Description: # 278 # 1927 # -1 # ID=7_1;partial=01;start_type=Edge;rbs_motif=None;rbs_spacer=None;genetic_code=11;gc_cont=0.321
Scores for complete sequence (score includes all domains):
   --- full sequence ---   --- best 1 domain ---    -#dom-
    E-value  score  bias    E-value  score  bias    exp  N  Model    Description
    ------- ------ -----    ------- ------ -----   ---- --  -------- -----------
    6.1e-29  101.7   0.2    8.9e-29  101.2   0.2    1.1  1  RdRP_1    Viral RNA-dependent RNA polymerase
    0.00028   20.5   0.0    0.00044   19.8   0.0    1.2  1  RdRP_3    Viral RNA dependent RNA polymerase


Domain annotation for each model:
>> RdRP_1  Viral RNA-dependent RNA polymerase
   #    score  bias  c-Evalue  i-Evalue hmmfrom  hmm to    alifrom  ali to    envfrom  env to     acc
 ---   ------ ----- --------- --------- ------- -------    ------- -------    ------- -------    ----
   1 !  101.2   0.2   5.9e-33   8.9e-29      92     412 ..     127     445 ..      90     470 .. 0.83

>> RdRP_3  Viral RNA dependent RNA polymerase
   #    score  bias  c-Evalue  i-Evalue hmmfrom  hmm to    alifrom  ali to    envfrom  env to     acc
 ---   ------ ----- --------- --------- ------- -------    ------- -------    ------- -------    ----
   1 !   19.8   0.0   2.9e-08   0.00044     204     356 ..     259     427 ..     244     439 .. 0.68



Internal pipeline statistics summary:
-------------------------------------
Query sequence(s):                         1  (550 residues searched)
Target model(s):                       30134  (4754065 nodes)
Passed MSV filter:                       509  (0.0168912); expected 602.7 (0.02)
Passed bias filter:                      407  (0.0135063); expected 602.7 (0.02)
Passed Vit filter:                        31  (0.00102874); expected 30.1 (0.001)
Passed Fwd filter:                         2  (6.63702e-05); expected 0.3 (1e-05)
Initial search space (Z):              30134  [actual number of targets]
Domain search space  (domZ):               2  [number of targets reported over threshold]
# CPU time: 0.42u 0.18s 00:00:00.60 Elapsed: 00:00:01.07
# Mc/sec: 2436.65
//
Query:       MN035893.1_1  [L=474]
Description: # 1 # 1422 # 1 # ID=8_1;partial=10;start_type=Edge;rbs_motif=None;rbs_spacer=None;genetic_code=11;gc_cont=0.434
Scores for complete sequence (score includes all domains):
   --- full sequence ---   --- best 1 domain ---    -#dom-
    E-value  score  bias    E-value  score  bias    exp  N  Model    Description
    ------- ------ -----    ------- ------ -----   ---- --  -------- -----------
    1.7e-18   67.4   0.7    2.1e-18   67.0   0.7    1.1  1  RdRP_1    Viral RNA-dependent RNA polymerase


Domain annotation for each model:
>> RdRP_1  Viral RNA-dependent RNA polymerase
   #    score  bias  c-Evalue  i-Evalue hmmfrom  hmm to    alifrom  ali to    envfrom  env to     acc
 ---   ------ ----- --------- --------- ------- -------    ------- -------    ------- -------    ----
   1 !   67.0   0.7   7.1e-23   2.1e-18      90     390 ..      73     369 ..      45     419 .. 0.80



Internal pipeline statistics summary:
-------------------------------------
Query sequence(s):                         1  (474 residues searched)
Target model(s):                       30134  (4754065 nodes)
Passed MSV filter:                       726  (0.0240924); expected 602.7 (0.02)
Passed bias filter:                      615  (0.0204088); expected 602.7 (0.02)
Passed Vit filter:                        55  (0.00182518); expected 30.1 (0.001)
Passed Fwd filter:                         1  (3.31851e-05); expected 0.3 (1e-05)
Initial search space (Z):              30134  [actual number of targets]
Domain search space  (domZ):               1  [number of targets reported over threshold]
# CPU time: 0.68u 0.19s 00:00:00.87 Elapsed: 00:00:01.66
# Mc/sec: 1350.85
//
Query:       MN035838.1_1  [L=1881]
Description: # 42 # 5684 # -1 # ID=9_1;partial=01;start_type=Edge;rbs_motif=None;rbs_spacer=None;genetic_code=11;gc_cont=0.370
Scores for complete sequence (score includes all domains):
   --- full sequence ---   --- best 1 domain ---    -#dom-
    E-value  score  bias    E-value  score  bias    exp  N  Model         Description
    ------- ------ -----    ------- ------ -----   ---- --  --------      -----------
    2.4e-37  129.4   0.5    4.2e-37  128.7   0.5    1.2  1  RdRP_1         Viral RNA-dependent RNA polymerase
  ------ inclusion threshold ------
      0.057   13.9   0.8        2.9    8.4   0.2    3.2  3  GST_C_6        Glutathione S-transferase, C-terminal domain
      0.059   13.2   0.0       0.11   12.3   0.0    1.3  1  Peptidase_C62  Gill-associated viral 3C-like peptidase
       0.06   13.3   0.1        0.1   12.5   0.1    1.3  1  Peptidase_S32  Equine arteritis virus serine endopeptidase S3


Domain annotation for each model:
>> RdRP_1  Viral RNA-dependent RNA polymerase
   #    score  bias  c-Evalue  i-Evalue hmmfrom  hmm to    alifrom  ali to    envfrom  env to     acc
 ---   ------ ----- --------- --------- ------- -------    ------- -------    ------- -------    ----
   1 !  128.7   0.5   5.6e-41   4.2e-37      22     396 ..     909    1268 ..     898    1274 .. 0.90

>> GST_C_6  Glutathione S-transferase, C-terminal domain
   #    score  bias  c-Evalue  i-Evalue hmmfrom  hmm to    alifrom  ali to    envfrom  env to     acc
 ---   ------ ----- --------- --------- ------- -------    ------- -------    ------- -------    ----
   1 ?    8.4   0.2   0.00039       2.9       8      32 ..    1088    1112 ..    1085    1126 .. 0.90
   2 ?    1.3   0.0     0.066     5e+02      18      41 ..    1361    1383 ..    1358    1403 .. 0.69
   3 ?   -0.8   0.0      0.28   2.1e+03      26      36 ..    1758    1768 ..    1754    1794 .. 0.72

>> Peptidase_C62  Gill-associated viral 3C-like peptidase
   #    score  bias  c-Evalue  i-Evalue hmmfrom  hmm to    alifrom  ali to    envfrom  env to     acc
 ---   ------ ----- --------- --------- ------- -------    ------- -------    ------- -------    ----
   1 ?   12.3   0.0   1.5e-05      0.11     118     172 ..     776     827 ..     737     861 .. 0.74

>> Peptidase_S32  Equine arteritis virus serine endopeptidase S32
   #    score  bias  c-Evalue  i-Evalue hmmfrom  hmm to    alifrom  ali to    envfrom  env to     acc
 ---   ------ ----- --------- --------- ------- -------    ------- -------    ------- -------    ----
   1 ?   12.5   0.1   1.4e-05       0.1     183     235 ..     776     829 ..     719     848 .. 0.73



Internal pipeline statistics summary:
-------------------------------------
Query sequence(s):                         1  (1881 residues searched)
Target model(s):                       30134  (4754065 nodes)
Passed MSV filter:                      1153  (0.0382624); expected 602.7 (0.02)
Passed bias filter:                      622  (0.0206411); expected 602.7 (0.02)
Passed Vit filter:                        44  (0.00146014); expected 30.1 (0.001)
Passed Fwd filter:                         4  (0.00013274); expected 0.3 (1e-05)
Initial search space (Z):              30134  [actual number of targets]
Domain search space  (domZ):               4  [number of targets reported over threshold]
# CPU time: 0.92u 0.19s 00:00:01.11 Elapsed: 00:00:01.65
# Mc/sec: 5388.84
//
Query:       MN035574.1_1  [L=50]
Description: # 3 # 152 # -1 # ID=10_1;partial=10;start_type=ATG;rbs_motif=GGxGG;rbs_spacer=5-10bp;genetic_code=11;gc_cont=0.480
Scores for complete sequence (score includes all domains):
   --- full sequence ---   --- best 1 domain ---    -#dom-
    E-value  score  bias    E-value  score  bias    exp  N  Model    Description
    ------- ------ -----    ------- ------ -----   ---- --  -------- -----------

   [No hits detected that satisfy reporting thresholds]


Domain annotation for each model:

   [No targets detected that satisfy reporting thresholds]


Internal pipeline statistics summary:
-------------------------------------
Query sequence(s):                         1  (50 residues searched)
Target model(s):                       30134  (4754065 nodes)
Passed MSV filter:                       619  (0.0205416); expected 602.7 (0.02)
Passed bias filter:                      518  (0.0171899); expected 602.7 (0.02)
Passed Vit filter:                        20  (0.000663702); expected 30.1 (0.001)
Passed Fwd filter:                         0  (0); expected 0.3 (1e-05)
Initial search space (Z):              30134  [actual number of targets]
Domain search space  (domZ):               0  [number of targets reported over threshold]
# CPU time: 0.40u 0.21s 00:00:00.61 Elapsed: 00:00:01.07
# Mc/sec: 221.79
//
Query:       MN035574.1_2  [L=450]
Description: # 205 # 1554 # -1 # ID=10_2;partial=01;start_type=Edge;rbs_motif=None;rbs_spacer=None;genetic_code=11;gc_cont=0.442
Scores for complete sequence (score includes all domains):
   --- full sequence ---   --- best 1 domain ---    -#dom-
    E-value  score  bias    E-value  score  bias    exp  N  Model    Description
    ------- ------ -----    ------- ------ -----   ---- --  -------- -----------
    2.9e-17   63.3   0.0    3.8e-17   62.9   0.0    1.1  1  RdRP_1    Viral RNA-dependent RNA polymerase
  ------ inclusion threshold ------
       0.18   12.2   0.0       0.28   11.6   0.0    1.2  1  C19orf84  piRNA-mediated silencing protein C19orf84


Domain annotation for each model:
>> RdRP_1  Viral RNA-dependent RNA polymerase
   #    score  bias  c-Evalue  i-Evalue hmmfrom  hmm to    alifrom  ali to    envfrom  env to     acc
 ---   ------ ----- --------- --------- ------- -------    ------- -------    ------- -------    ----
   1 !   62.9   0.0   2.5e-21   3.8e-17     146     407 ..      91     339 ..      80     381 .. 0.83

>> C19orf84  piRNA-mediated silencing protein C19orf84
   #    score  bias  c-Evalue  i-Evalue hmmfrom  hmm to    alifrom  ali to    envfrom  env to     acc
 ---   ------ ----- --------- --------- ------- -------    ------- -------    ------- -------    ----
   1 ?   11.6   0.0   1.9e-05      0.28      15      68 ..     361     415 ..     352     432 .. 0.84



Internal pipeline statistics summary:
-------------------------------------
Query sequence(s):                         1  (450 residues searched)
Target model(s):                       30134  (4754065 nodes)
Passed MSV filter:                       479  (0.0158957); expected 602.7 (0.02)
Passed bias filter:                      462  (0.0153315); expected 602.7 (0.02)
Passed Vit filter:                        34  (0.00112829); expected 30.1 (0.001)
Passed Fwd filter:                         2  (6.63702e-05); expected 0.3 (1e-05)
Initial search space (Z):              30134  [actual number of targets]
Domain search space  (domZ):               2  [number of targets reported over threshold]
# CPU time: 0.59u 0.23s 00:00:00.82 Elapsed: 00:00:01.35
# Mc/sec: 1574.07
//
Query:       MN035429.1_1  [L=404]
Description: # 2 # 1213 # 1 # ID=11_1;partial=11;start_type=Edge;rbs_motif=None;rbs_spacer=None;genetic_code=11;gc_cont=0.396
Scores for complete sequence (score includes all domains):
   --- full sequence ---   --- best 1 domain ---    -#dom-
    E-value  score  bias    E-value  score  bias    exp  N  Model           Description
    ------- ------ -----    ------- ------ -----   ---- --  --------        -----------
    3.2e-24   86.2   0.4      4e-24   85.9   0.4    1.0  1  RdRP_1           Viral RNA-dependent RNA polymerase
  ------ inclusion threshold ------
      0.022   14.3   0.0      0.033   13.7   0.0    1.2  1  Permu_RdRp_palm  Permutotetravirus RNA-dependent RNA polymera


Domain annotation for each model:
>> RdRP_1  Viral RNA-dependent RNA polymerase
   #    score  bias  c-Evalue  i-Evalue hmmfrom  hmm to    alifrom  ali to    envfrom  env to     acc
 ---   ------ ----- --------- --------- ------- -------    ------- -------    ------- -------    ----
   1 !   85.9   0.4   2.7e-28     4e-24      81     412 ..       7     338 ..       2     374 .. 0.83

>> Permu_RdRp_palm  Permutotetravirus RNA-dependent RNA polymerase palm domain
   #    score  bias  c-Evalue  i-Evalue hmmfrom  hmm to    alifrom  ali to    envfrom  env to     acc
 ---   ------ ----- --------- --------- ------- -------    ------- -------    ------- -------    ----
   1 ?   13.7   0.0   2.2e-06     0.033      76     178 ..      52     147 ..       8     162 .. 0.70



Internal pipeline statistics summary:
-------------------------------------
Query sequence(s):                         1  (404 residues searched)
Target model(s):                       30134  (4754065 nodes)
Passed MSV filter:                       746  (0.0247561); expected 602.7 (0.02)
Passed bias filter:                      623  (0.0206743); expected 602.7 (0.02)
Passed Vit filter:                        53  (0.00175881); expected 30.1 (0.001)
Passed Fwd filter:                         2  (6.63702e-05); expected 0.3 (1e-05)
Initial search space (Z):              30134  [actual number of targets]
Domain search space  (domZ):               2  [number of targets reported over threshold]
# CPU time: 0.57u 0.20s 00:00:00.77 Elapsed: 00:00:01.39
# Mc/sec: 1381.71
//
Query:       MN035369.1_1  [L=524]
Description: # 1 # 1572 # -1 # ID=12_1;partial=10;start_type=ATG;rbs_motif=GGxGG;rbs_spacer=5-10bp;genetic_code=11;gc_cont=0.431
Scores for complete sequence (score includes all domains):
   --- full sequence ---   --- best 1 domain ---    -#dom-
    E-value  score  bias    E-value  score  bias    exp  N  Model    Description
    ------- ------ -----    ------- ------ -----   ---- --  -------- -----------
    1.2e-27   97.4   0.3    1.7e-27   97.0   0.3    1.1  1  RdRP_1    Viral RNA-dependent RNA polymerase
  ------ inclusion threshold ------
      0.053   13.0   0.0      0.079   12.4   0.0    1.2  1  RdRP_3    Viral RNA dependent RNA polymerase
        0.1   12.2   0.2       0.15   11.7   0.2    1.1  1  RdRP_4    Viral RNA-directed RNA-polymerase


Domain annotation for each model:
>> RdRP_1  Viral RNA-dependent RNA polymerase
   #    score  bias  c-Evalue  i-Evalue hmmfrom  hmm to    alifrom  ali to    envfrom  env to     acc
 ---   ------ ----- --------- --------- ------- -------    ------- -------    ------- -------    ----
   1 !   97.0   0.3   1.7e-31   1.7e-27     221     415 ..       5     192 ..       1     221 [. 0.90

>> RdRP_3  Viral RNA dependent RNA polymerase
   #    score  bias  c-Evalue  i-Evalue hmmfrom  hmm to    alifrom  ali to    envfrom  env to     acc
 ---   ------ ----- --------- --------- ------- -------    ------- -------    ------- -------    ----
   1 ?   12.4   0.0   7.8e-06     0.079     253     347 ..      59     162 ..      39     174 .. 0.76

>> RdRP_4  Viral RNA-directed RNA-polymerase
   #    score  bias  c-Evalue  i-Evalue hmmfrom  hmm to    alifrom  ali to    envfrom  env to     acc
 ---   ------ ----- --------- --------- ------- -------    ------- -------    ------- -------    ----
   1 ?   11.7   0.2   1.5e-05      0.15     334     408 ..      46     126 ..      22     149 .. 0.70



Internal pipeline statistics summary:
-------------------------------------
Query sequence(s):                         1  (524 residues searched)
Target model(s):                       30134  (4754065 nodes)
Passed MSV filter:                       738  (0.0244906); expected 602.7 (0.02)
Passed bias filter:                      671  (0.0222672); expected 602.7 (0.02)
Passed Vit filter:                        48  (0.00159289); expected 30.1 (0.001)
Passed Fwd filter:                         3  (9.95553e-05); expected 0.3 (1e-05)
Initial search space (Z):              30134  [actual number of targets]
Domain search space  (domZ):               3  [number of targets reported over threshold]
# CPU time: 0.62u 0.24s 00:00:00.86 Elapsed: 00:00:01.47
# Mc/sec: 1687.44
//
Query:       MN034849.1_1  [L=562]
Description: # 1 # 1686 # -1 # ID=13_1;partial=11;start_type=Edge;rbs_motif=None;rbs_spacer=None;genetic_code=11;gc_cont=0.389
Scores for complete sequence (score includes all domains):
   --- full sequence ---   --- best 1 domain ---    -#dom-
    E-value  score  bias    E-value  score  bias    exp  N  Model      Description
    ------- ------ -----    ------- ------ -----   ---- --  --------   -----------
    9.1e-14   51.7   0.3    1.9e-13   50.6   0.3    1.5  1  RdRP_1      Viral RNA-dependent RNA polymerase
    2.4e-12   47.8   0.5      1e-11   45.8   0.2    2.1  2  Viral_coat  Viral coat protein (S domain)
  ------ inclusion threshold ------
      0.042   14.7   1.0       0.13   13.1   1.0    1.8  1  Forkhead    Forkhead domain
      0.081   11.6   0.4       0.11   11.1   0.4    1.1  1  V_ATPase_I  V-type ATPase 116kDa subunit family
       0.15   13.4   0.1       0.45   11.8   0.1    1.8  1  PX          PX domain


Domain annotation for each model:
>> RdRP_1  Viral RNA-dependent RNA polymerase
   #    score  bias  c-Evalue  i-Evalue hmmfrom  hmm to    alifrom  ali to    envfrom  env to     acc
 ---   ------ ----- --------- --------- ------- -------    ------- -------    ------- -------    ----
   1 !   50.6   0.3   3.2e-17   1.9e-13     147     346 ..      28     218 ..       8     229 .. 0.81

>> Viral_coat  Viral coat protein (S domain)
   #    score  bias  c-Evalue  i-Evalue hmmfrom  hmm to    alifrom  ali to    envfrom  env to     acc
 ---   ------ ----- --------- --------- ------- -------    ------- -------    ------- -------    ----
   1 ?   -1.7   0.0      0.61   3.7e+03     149     178 ..     134     164 ..     111     174 .. 0.79
   2 !   45.8   0.2   1.7e-15     1e-11      23     119 ..     401     496 ..     388     561 .. 0.81

>> Forkhead  Forkhead domain
   #    score  bias  c-Evalue  i-Evalue hmmfrom  hmm to    alifrom  ali to    envfrom  env to     acc
 ---   ------ ----- --------- --------- ------- -------    ------- -------    ------- -------    ----
   1 ?   13.1   1.0   2.1e-05      0.13      25      54 ..     124     151 ..     113     158 .. 0.84

>> V_ATPase_I  V-type ATPase 116kDa subunit family
   #    score  bias  c-Evalue  i-Evalue hmmfrom  hmm to    alifrom  ali to    envfrom  env to     acc
 ---   ------ ----- --------- --------- ------- -------    ------- -------    ------- -------    ----
   1 ?   11.1   0.4   1.8e-05      0.11      69     144 ..     302     378 ..     265     430 .. 0.74

>> PX  PX domain
   #    score  bias  c-Evalue  i-Evalue hmmfrom  hmm to    alifrom  ali to    envfrom  env to     acc
 ---   ------ ----- --------- --------- ------- -------    ------- -------    ------- -------    ----
   1 ?   11.8   0.1   7.5e-05      0.45       7      32 ..     324     349 ..     321     386 .. 0.62



Internal pipeline statistics summary:
-------------------------------------
Query sequence(s):                         1  (562 residues searched)
Target model(s):                       30134  (4754065 nodes)
Passed MSV filter:                      1381  (0.0458286); expected 602.7 (0.02)
Passed bias filter:                      761  (0.0252539); expected 602.7 (0.02)
Passed Vit filter:                        67  (0.0022234); expected 30.1 (0.001)
Passed Fwd filter:                         5  (0.000165926); expected 0.3 (1e-05)
Initial search space (Z):              30134  [actual number of targets]
Domain search space  (domZ):               5  [number of targets reported over threshold]
# CPU time: 0.75u 0.17s 00:00:00.92 Elapsed: 00:00:01.54
# Mc/sec: 1726.87
//
Query:       MN034422.1_1  [L=204]
Description: # 2 # 613 # -1 # ID=14_1;partial=10;start_type=TTG;rbs_motif=None;rbs_spacer=None;genetic_code=11;gc_cont=0.497
Scores for complete sequence (score includes all domains):
   --- full sequence ---   --- best 1 domain ---    -#dom-
    E-value  score  bias    E-value  score  bias    exp  N  Model           Description
    ------- ------ -----    ------- ------ -----   ---- --  --------        -----------
    0.00037   21.4   0.0    0.00069   20.6   0.0    1.5  1  Phospholip_A2_4  Phospholipase A2-like domain
  ------ inclusion threshold ------
       0.11   13.3   0.2       0.16   12.8   0.2    1.2  1  Metaviral_G      Metaviral_G glycoprotein
       0.11   13.7   0.0       0.17   13.1   0.0    1.3  1  Phospholip_A2_1  Phospholipase A2


Domain annotation for each model:
>> Phospholip_A2_4  Phospholipase A2-like domain
   #    score  bias  c-Evalue  i-Evalue hmmfrom  hmm to    alifrom  ali to    envfrom  env to     acc
 ---   ------ ----- --------- --------- ------- -------    ------- -------    ------- -------    ----
   1 !   20.6   0.0   6.9e-08   0.00069       8      44 ..      21      57 ..      15      80 .. 0.86

>> Metaviral_G  Metaviral_G glycoprotein
   #    score  bias  c-Evalue  i-Evalue hmmfrom  hmm to    alifrom  ali to    envfrom  env to     acc
 ---   ------ ----- --------- --------- ------- -------    ------- -------    ------- -------    ----
   1 ?   12.8   0.2   1.6e-05      0.16      56     112 ..      91     146 ..      82     176 .. 0.78

>> Phospholip_A2_1  Phospholipase A2
   #    score  bias  c-Evalue  i-Evalue hmmfrom  hmm to    alifrom  ali to    envfrom  env to     acc
 ---   ------ ----- --------- --------- ------- -------    ------- -------    ------- -------    ----
   1 ?   13.1   0.0   1.7e-05      0.17      22      55 ..      19      55 ..       3      76 .. 0.79



Internal pipeline statistics summary:
-------------------------------------
Query sequence(s):                         1  (204 residues searched)
Target model(s):                       30134  (4754065 nodes)
Passed MSV filter:                      1072  (0.0355744); expected 602.7 (0.02)
Passed bias filter:                      639  (0.0212053); expected 602.7 (0.02)
Passed Vit filter:                        43  (0.00142696); expected 30.1 (0.001)
Passed Fwd filter:                         3  (9.95553e-05); expected 0.3 (1e-05)
Initial search space (Z):              30134  [actual number of targets]
Domain search space  (domZ):               3  [number of targets reported over threshold]
# CPU time: 0.53u 0.20s 00:00:00.73 Elapsed: 00:00:01.27
# Mc/sec: 759.16
//
Query:       MN034422.1_2  [L=395]
Description: # 558 # 1742 # -1 # ID=14_2;partial=00;start_type=ATG;rbs_motif=GGAGG;rbs_spacer=5-10bp;genetic_code=11;gc_cont=0.468
Scores for complete sequence (score includes all domains):
   --- full sequence ---   --- best 1 domain ---    -#dom-
    E-value  score  bias    E-value  score  bias    exp  N  Model          Description
    ------- ------ -----    ------- ------ -----   ---- --  --------       -----------
    1.3e-14   54.5   0.0    2.8e-14   53.4   0.0    1.5  1  RdRP_1          Viral RNA-dependent RNA polymerase
  ------ inclusion threshold ------
      0.056   14.2   0.1       0.11   13.2   0.1    1.4  1  Mycophage_Gp41  Mycobacteriophage gene 41 protein


Domain annotation for each model:
>> RdRP_1  Viral RNA-dependent RNA polymerase
   #    score  bias  c-Evalue  i-Evalue hmmfrom  hmm to    alifrom  ali to    envfrom  env to     acc
 ---   ------ ----- --------- --------- ------- -------    ------- -------    ------- -------    ----
   1 !   53.4   0.0   1.9e-18   2.8e-14     150     426 ..      14     301 ..      11     329 .. 0.75

>> Mycophage_Gp41  Mycobacteriophage gene 41 protein
   #    score  bias  c-Evalue  i-Evalue hmmfrom  hmm to    alifrom  ali to    envfrom  env to     acc
 ---   ------ ----- --------- --------- ------- -------    ------- -------    ------- -------    ----
   1 ?   13.2   0.1   7.1e-06      0.11      30      81 ..      71     123 ..      62     136 .. 0.82



Internal pipeline statistics summary:
-------------------------------------
Query sequence(s):                         1  (395 residues searched)
Target model(s):                       30134  (4754065 nodes)
Passed MSV filter:                       589  (0.019546); expected 602.7 (0.02)
Passed bias filter:                      550  (0.0182518); expected 602.7 (0.02)
Passed Vit filter:                        47  (0.0015597); expected 30.1 (0.001)
Passed Fwd filter:                         2  (6.63702e-05); expected 0.3 (1e-05)
Initial search space (Z):              30134  [actual number of targets]
Domain search space  (domZ):               2  [number of targets reported over threshold]
# CPU time: 0.59u 0.19s 00:00:00.78 Elapsed: 00:00:01.30
# Mc/sec: 1442.06
//
Query:       MN034197.1_1  [L=267]
Description: # 2 # 802 # 1 # ID=15_1;partial=10;start_type=Edge;rbs_motif=None;rbs_spacer=None;genetic_code=11;gc_cont=0.327
Scores for complete sequence (score includes all domains):
   --- full sequence ---   --- best 1 domain ---    -#dom-
    E-value  score  bias    E-value  score  bias    exp  N  Model          Description
    ------- ------ -----    ------- ------ -----   ---- --  --------       -----------
      1e-14   54.8   0.1    1.3e-14   54.5   0.1    1.2  1  RdRP_1          Viral RNA-dependent RNA polymerase
    6.3e-05   23.1   0.1    9.8e-05   22.5   0.1    1.2  1  Reov_VP3_GTase  Reovirus VP3 protein, guanylyltransferase (GT
  ------ inclusion threshold ------
       0.04   13.5   0.6      0.064   12.8   0.6    1.2  1  RdRP_2          RNA dependent RNA polymerase


Domain annotation for each model:
>> RdRP_1  Viral RNA-dependent RNA polymerase
   #    score  bias  c-Evalue  i-Evalue hmmfrom  hmm to    alifrom  ali to    envfrom  env to     acc
 ---   ------ ----- --------- --------- ------- -------    ------- -------    ------- -------    ----
   1 !   54.5   0.1   1.3e-18   1.3e-14     276     411 ..      15     149 ..       5     188 .. 0.84

>> Reov_VP3_GTase  Reovirus VP3 protein, guanylyltransferase (GTase)
   #    score  bias  c-Evalue  i-Evalue hmmfrom  hmm to    alifrom  ali to    envfrom  env to     acc
 ---   ------ ----- --------- --------- ------- -------    ------- -------    ------- -------    ----
   1 !   22.5   0.1   9.8e-09   9.8e-05      88     199 ..     148     259 ..     142     262 .. 0.80

>> RdRP_2  RNA dependent RNA polymerase
   #    score  bias  c-Evalue  i-Evalue hmmfrom  hmm to    alifrom  ali to    envfrom  env to     acc
 ---   ------ ----- --------- --------- ------- -------    ------- -------    ------- -------    ----
   1 ?   12.8   0.6   6.4e-06     0.064     276     420 ..      32     196 ..      30     203 .. 0.76



Internal pipeline statistics summary:
-------------------------------------
Query sequence(s):                         1  (267 residues searched)
Target model(s):                       30134  (4754065 nodes)
Passed MSV filter:                       948  (0.0314595); expected 602.7 (0.02)
Passed bias filter:                      700  (0.0232296); expected 602.7 (0.02)
Passed Vit filter:                        48  (0.00159289); expected 30.1 (0.001)
Passed Fwd filter:                         3  (9.95553e-05); expected 0.3 (1e-05)
Initial search space (Z):              30134  [actual number of targets]
Domain search space  (domZ):               3  [number of targets reported over threshold]
# CPU time: 0.48u 0.28s 00:00:00.76 Elapsed: 00:00:01.37
# Mc/sec: 923.29
//
Query:       MN034197.1_2  [L=159]
Description: # 816 # 1292 # 1 # ID=15_2;partial=01;start_type=ATG;rbs_motif=TAT;rbs_spacer=5bp;genetic_code=11;gc_cont=0.403
Scores for complete sequence (score includes all domains):
   --- full sequence ---   --- best 1 domain ---    -#dom-
    E-value  score  bias    E-value  score  bias    exp  N  Model    Description
    ------- ------ -----    ------- ------ -----   ---- --  -------- -----------
  ------ inclusion threshold ------
       0.15   12.5   0.0       0.27   11.7   0.0    1.4  1  BING4CT   BING4CT (NUC141) domain


Domain annotation for each model:
>> BING4CT  BING4CT (NUC141) domain
   #    score  bias  c-Evalue  i-Evalue hmmfrom  hmm to    alifrom  ali to    envfrom  env to     acc
 ---   ------ ----- --------- --------- ------- -------    ------- -------    ------- -------    ----
   1 ?   11.7   0.0   8.9e-06      0.27      13      43 ..      90     120 ..      79     124 .. 0.87



Internal pipeline statistics summary:
-------------------------------------
Query sequence(s):                         1  (159 residues searched)
Target model(s):                       30134  (4754065 nodes)
Passed MSV filter:                       514  (0.0170571); expected 602.7 (0.02)
Passed bias filter:                      452  (0.0149997); expected 602.7 (0.02)
Passed Vit filter:                        36  (0.00119466); expected 30.1 (0.001)
Passed Fwd filter:                         1  (3.31851e-05); expected 0.3 (1e-05)
Initial search space (Z):              30134  [actual number of targets]
Domain search space  (domZ):               1  [number of targets reported over threshold]
# CPU time: 0.35u 0.22s 00:00:00.56 Elapsed: 00:00:00.84
# Mc/sec: 893.75
//
Query:       MN033907.1_1  [L=394]
Description: # 136 # 1317 # -1 # ID=16_1;partial=01;start_type=Edge;rbs_motif=None;rbs_spacer=None;genetic_code=11;gc_cont=0.431
Scores for complete sequence (score includes all domains):
   --- full sequence ---   --- best 1 domain ---    -#dom-
    E-value  score  bias    E-value  score  bias    exp  N  Model         Description
    ------- ------ -----    ------- ------ -----   ---- --  --------      -----------
    2.5e-20   73.3   0.3    3.3e-20   73.0   0.3    1.1  1  RdRP_1         Viral RNA-dependent RNA polymerase
  ------ inclusion threshold ------
       0.16   13.0   0.0       0.97   10.5   0.0    2.2  2  PSI_PTTG1IP    PTTG1IP, N-terminal domain
       0.23   12.1   0.1       0.66   10.6   0.0    1.7  2  TPK_catalytic  Thiamin pyrophosphokinase, catalytic domain


Domain annotation for each model:
>> RdRP_1  Viral RNA-dependent RNA polymerase
   #    score  bias  c-Evalue  i-Evalue hmmfrom  hmm to    alifrom  ali to    envfrom  env to     acc
 ---   ------ ----- --------- --------- ------- -------    ------- -------    ------- -------    ----
   1 !   73.0   0.3   3.3e-24   3.3e-20     161     402 ..       1     247 [.       1     252 [. 0.94

>> PSI_PTTG1IP  PTTG1IP, N-terminal domain
   #    score  bias  c-Evalue  i-Evalue hmmfrom  hmm to    alifrom  ali to    envfrom  env to     acc
 ---   ------ ----- --------- --------- ------- -------    ------- -------    ------- -------    ----
   1 ?   -1.2   0.0      0.43   4.4e+03      16      36 ..     276     296 ..     274     299 .. 0.86
   2 ?   10.5   0.0   9.7e-05      0.97      10      40 ..     339     369 ..     333     371 .. 0.91

>> TPK_catalytic  Thiamin pyrophosphokinase, catalytic domain
   #    score  bias  c-Evalue  i-Evalue hmmfrom  hmm to    alifrom  ali to    envfrom  env to     acc
 ---   ------ ----- --------- --------- ------- -------    ------- -------    ------- -------    ----
   1 ?   10.6   0.0   6.6e-05      0.66      15      79 ..      50     124 ..      47     158 .. 0.78
   2 ?   -3.6   0.0       1.7   1.7e+04      13      22 ..     333     342 ..     332     354 .. 0.73



Internal pipeline statistics summary:
-------------------------------------
Query sequence(s):                         1  (394 residues searched)
Target model(s):                       30134  (4754065 nodes)
Passed MSV filter:                       770  (0.0255525); expected 602.7 (0.02)
Passed bias filter:                      660  (0.0219022); expected 602.7 (0.02)
Passed Vit filter:                        44  (0.00146014); expected 30.1 (0.001)
Passed Fwd filter:                         3  (9.95553e-05); expected 0.3 (1e-05)
Initial search space (Z):              30134  [actual number of targets]
Domain search space  (domZ):               3  [number of targets reported over threshold]
# CPU time: 0.51u 0.23s 00:00:00.74 Elapsed: 00:00:01.24
# Mc/sec: 1503.13
//
Query:       MN033591.1_1  [L=438]
Description: # 3 # 1316 # 1 # ID=17_1;partial=11;start_type=Edge;rbs_motif=None;rbs_spacer=None;genetic_code=11;gc_cont=0.393
Scores for complete sequence (score includes all domains):
   --- full sequence ---   --- best 1 domain ---    -#dom-
    E-value  score  bias    E-value  score  bias    exp  N  Model          Description
    ------- ------ -----    ------- ------ -----   ---- --  --------       -----------
    8.8e-21   74.9   0.1    1.2e-20   74.5   0.1    1.1  1  RdRP_1          Viral RNA-dependent RNA polymerase
  ------ inclusion threshold ------
       0.21   12.5   1.3       0.39   11.6   0.3    2.0  2  ARL2_Bind_BART  The ARF-like 2 binding protein BART


Domain annotation for each model:
>> RdRP_1  Viral RNA-dependent RNA polymerase
   #    score  bias  c-Evalue  i-Evalue hmmfrom  hmm to    alifrom  ali to    envfrom  env to     acc
 ---   ------ ----- --------- --------- ------- -------    ------- -------    ------- -------    ----
   1 !   74.5   0.1   7.7e-25   1.2e-20      36     406 ..      73     432 ..      42     437 .. 0.80

>> ARL2_Bind_BART  The ARF-like 2 binding protein BART
   #    score  bias  c-Evalue  i-Evalue hmmfrom  hmm to    alifrom  ali to    envfrom  env to     acc
 ---   ------ ----- --------- --------- ------- -------    ------- -------    ------- -------    ----
   1 ?   11.6   0.3   2.6e-05      0.39      41     105 ..      94     157 ..      86     158 .. 0.85
   2 ?   -4.0   0.0       1.8   2.8e+04      33      41 ..     292     300 ..     281     312 .. 0.53



Internal pipeline statistics summary:
-------------------------------------
Query sequence(s):                         1  (438 residues searched)
Target model(s):                       30134  (4754065 nodes)
Passed MSV filter:                       748  (0.0248225); expected 602.7 (0.02)
Passed bias filter:                      646  (0.0214376); expected 602.7 (0.02)
Passed Vit filter:                        42  (0.00139377); expected 30.1 (0.001)
Passed Fwd filter:                         2  (6.63702e-05); expected 0.3 (1e-05)
Initial search space (Z):              30134  [actual number of targets]
Domain search space  (domZ):               2  [number of targets reported over threshold]
# CPU time: 0.51u 0.20s 00:00:00.71 Elapsed: 00:00:01.11
# Mc/sec: 1865.10
//
Query:       MN033177.1_1  [L=1096]
Description: # 1 # 3288 # 1 # ID=18_1;partial=11;start_type=Edge;rbs_motif=None;rbs_spacer=None;genetic_code=11;gc_cont=0.367
Scores for complete sequence (score includes all domains):
   --- full sequence ---   --- best 1 domain ---    -#dom-
    E-value  score  bias    E-value  score  bias    exp  N  Model     Description
    ------- ------ -----    ------- ------ -----   ---- --  --------  -----------
    2.8e-12   46.8   0.0    4.3e-12   46.2   0.0    1.2  1  RdRP_1     Viral RNA-dependent RNA polymerase
  ------ inclusion threshold ------
      0.017   16.6   0.0      0.053   15.0   0.0    1.9  1  Trypsin_2  Trypsin-like peptidase domain
      0.048   14.2   4.0       0.43   11.1   4.8    2.0  2  KwaA       Anti-phage protein KwaA


Domain annotation for each model:
>> RdRP_1  Viral RNA-dependent RNA polymerase
   #    score  bias  c-Evalue  i-Evalue hmmfrom  hmm to    alifrom  ali to    envfrom  env to     acc
 ---   ------ ----- --------- --------- ------- -------    ------- -------    ------- -------    ----
   1 !   46.2   0.0   4.2e-16   4.3e-12     150     313 ..     911    1094 ..     850    1096 .] 0.83

>> Trypsin_2  Trypsin-like peptidase domain
   #    score  bias  c-Evalue  i-Evalue hmmfrom  hmm to    alifrom  ali to    envfrom  env to     acc
 ---   ------ ----- --------- --------- ------- -------    ------- -------    ------- -------    ----
   1 ?   15.0   0.0   5.3e-06     0.053      12     144 ..     522     643 ..     502     644 .. 0.61

>> KwaA  Anti-phage protein KwaA
   #    score  bias  c-Evalue  i-Evalue hmmfrom  hmm to    alifrom  ali to    envfrom  env to     acc
 ---   ------ ----- --------- --------- ------- -------    ------- -------    ------- -------    ----
   1 ?   11.1   4.8   4.3e-05      0.43       3     108 ..      39     155 ..      37     161 .. 0.62
   2 ?   -1.3   0.0      0.29   2.9e+03      31      58 ..     236     272 ..     224     285 .. 0.46



Internal pipeline statistics summary:
-------------------------------------
Query sequence(s):                         1  (1096 residues searched)
Target model(s):                       30134  (4754065 nodes)
Passed MSV filter:                       852  (0.0282737); expected 602.7 (0.02)
Passed bias filter:                      659  (0.021869); expected 602.7 (0.02)
Passed Vit filter:                        50  (0.00165926); expected 30.1 (0.001)
Passed Fwd filter:                         3  (9.95553e-05); expected 0.3 (1e-05)
Initial search space (Z):              30134  [actual number of targets]
Domain search space  (domZ):               3  [number of targets reported over threshold]
# CPU time: 0.66u 0.16s 00:00:00.82 Elapsed: 00:00:01.19
# Mc/sec: 4370.92
//
Query:       MN033141.1_1  [L=393]
Description: # 1 # 1179 # 1 # ID=19_1;partial=11;start_type=Edge;rbs_motif=None;rbs_spacer=None;genetic_code=11;gc_cont=0.480
Scores for complete sequence (score includes all domains):
   --- full sequence ---   --- best 1 domain ---    -#dom-
    E-value  score  bias    E-value  score  bias    exp  N  Model                 Description
    ------- ------ -----    ------- ------ -----   ---- --  --------              -----------
    4.9e-19   69.1   0.0    6.3e-19   68.7   0.0    1.1  1  RdRP_1                 Viral RNA-dependent RNA polymerase
  ------ inclusion threshold ------
       0.26   11.4   0.2       0.48   10.5   0.2    1.4  1  Lymphostatin_protease  Lymphostatin, protease domain


Domain annotation for each model:
>> RdRP_1  Viral RNA-dependent RNA polymerase
   #    score  bias  c-Evalue  i-Evalue hmmfrom  hmm to    alifrom  ali to    envfrom  env to     acc
 ---   ------ ----- --------- --------- ------- -------    ------- -------    ------- -------    ----
   1 !   68.7   0.0   4.2e-23   6.3e-19     242     448 ..       1     208 [.       1     210 [. 0.87

>> Lymphostatin_protease  Lymphostatin, protease domain
   #    score  bias  c-Evalue  i-Evalue hmmfrom  hmm to    alifrom  ali to    envfrom  env to     acc
 ---   ------ ----- --------- --------- ------- -------    ------- -------    ------- -------    ----
   1 ?   10.5   0.2   3.2e-05      0.48      80     187 ..     192     300 ..     150     309 .. 0.76



Internal pipeline statistics summary:
-------------------------------------
Query sequence(s):                         1  (393 residues searched)
Target model(s):                       30134  (4754065 nodes)
Passed MSV filter:                      1097  (0.0364041); expected 602.7 (0.02)
Passed bias filter:                      936  (0.0310613); expected 602.7 (0.02)
Passed Vit filter:                        73  (0.00242251); expected 30.1 (0.001)
Passed Fwd filter:                         2  (6.63702e-05); expected 0.3 (1e-05)
Initial search space (Z):              30134  [actual number of targets]
Domain search space  (domZ):               2  [number of targets reported over threshold]
# CPU time: 0.72u 0.22s 00:00:00.94 Elapsed: 00:00:01.58
# Mc/sec: 1178.36
//
Query:       MN032977.1_1  [L=2060]
Description: # 495 # 6674 # -1 # ID=20_1;partial=01;start_type=Edge;rbs_motif=None;rbs_spacer=None;genetic_code=11;gc_cont=0.505
Scores for complete sequence (score includes all domains):
   --- full sequence ---   --- best 1 domain ---    -#dom-
    E-value  score  bias    E-value  score  bias    exp  N  Model      Description
    ------- ------ -----    ------- ------ -----   ---- --  --------   -----------
    3.6e-23   82.7   0.4    9.2e-23   81.4   0.0    1.8  3  RdRP_1      Viral RNA-dependent RNA polymerase
    1.3e-09   38.9   2.9    2.7e-09   37.9   2.9    1.5  1  Viral_coat  Viral coat protein (S domain)
  ------ inclusion threshold ------
      0.048   14.3   0.1        0.1   13.2   0.1    1.4  1  Luteo_coat  Luteovirus coat protein
      0.067   14.3   0.1        3.9    8.6   0.0    3.1  2  DUF760      Protein of unknown function (DUF760)
      0.068   12.8   0.2       0.22   11.1   0.0    1.8  2  RdRP_4      Viral RNA-directed RNA-polymerase
      0.096   13.9   0.0        0.3   12.3   0.0    1.8  1  NAPRTase_C  Nicotinate phosphoribosyltransferase C-terminal d


Domain annotation for each model:
>> RdRP_1  Viral RNA-dependent RNA polymerase
   #    score  bias  c-Evalue  i-Evalue hmmfrom  hmm to    alifrom  ali to    envfrom  env to     acc
 ---   ------ ----- --------- --------- ------- -------    ------- -------    ------- -------    ----
   1 ?   -4.5   0.0         2     1e+04      24      45 ..     353     372 ..     344     376 .. 0.86
   2 !   81.4   0.0   1.8e-26   9.2e-23     147     390 ..    1132    1386 ..    1080    1398 .. 0.84
   3 ?   -3.6   0.0       1.1   5.6e+03      56     117 ..    1497    1549 ..    1461    1614 .. 0.62

>> Viral_coat  Viral coat protein (S domain)
   #    score  bias  c-Evalue  i-Evalue hmmfrom  hmm to    alifrom  ali to    envfrom  env to     acc
 ---   ------ ----- --------- --------- ------- -------    ------- -------    ------- -------    ----
   1 !   37.9   2.9   5.3e-13   2.7e-09      56     205 ..    1627    1770 ..    1582    1772 .. 0.81

>> Luteo_coat  Luteovirus coat protein
   #    score  bias  c-Evalue  i-Evalue hmmfrom  hmm to    alifrom  ali to    envfrom  env to     acc
 ---   ------ ----- --------- --------- ------- -------    ------- -------    ------- -------    ----
   1 ?   13.2   0.1     2e-05       0.1      19      71 ..    1631    1685 ..    1623    1706 .. 0.78

>> DUF760  Protein of unknown function (DUF760)
   #    score  bias  c-Evalue  i-Evalue hmmfrom  hmm to    alifrom  ali to    envfrom  env to     acc
 ---   ------ ----- --------- --------- ------- -------    ------- -------    ------- -------    ----
   1 ?    8.6   0.0   0.00078       3.9       2      56 ..     678     734 ..     677     739 .. 0.85
   2 ?    1.8   0.0      0.11   5.4e+02       6      46 ..    1503    1543 ..    1500    1565 .. 0.88

>> RdRP_4  Viral RNA-directed RNA-polymerase
   #    score  bias  c-Evalue  i-Evalue hmmfrom  hmm to    alifrom  ali to    envfrom  env to     acc
 ---   ------ ----- --------- --------- ------- -------    ------- -------    ------- -------    ----
   1 ?   -2.8   0.0      0.71   3.6e+03     125     188 ..     186     253 ..     183     277 .. 0.65
   2 ?   11.1   0.0   4.4e-05      0.22     348     409 ..    1263    1344 ..    1229    1386 .. 0.77

>> NAPRTase_C  Nicotinate phosphoribosyltransferase C-terminal domain
   #    score  bias  c-Evalue  i-Evalue hmmfrom  hmm to    alifrom  ali to    envfrom  env to     acc
 ---   ------ ----- --------- --------- ------- -------    ------- -------    ------- -------    ----
   1 ?   12.3   0.0     6e-05       0.3      73     106 ..    1560    1593 ..    1517    1597 .. 0.85



Internal pipeline statistics summary:
-------------------------------------
Query sequence(s):                         1  (2060 residues searched)
Target model(s):                       30134  (4754065 nodes)
Passed MSV filter:                      1665  (0.0552532); expected 602.7 (0.02)
Passed bias filter:                      972  (0.0322559); expected 602.7 (0.02)
Passed Vit filter:                        84  (0.00278755); expected 30.1 (0.001)
Passed Fwd filter:                        10  (0.000331851); expected 0.3 (1e-05)
Initial search space (Z):              30134  [actual number of targets]
Domain search space  (domZ):               6  [number of targets reported over threshold]
# CPU time: 1.19u 0.13s 00:00:01.31 Elapsed: 00:00:01.76
# Mc/sec: 5554.86
//
Query:       EF490429.1_1  [L=87]
Description: # 1 # 261 # 1 # ID=21_1;partial=10;start_type=Edge;rbs_motif=None;rbs_spacer=None;genetic_code=11;gc_cont=0.437
Scores for complete sequence (score includes all domains):
   --- full sequence ---   --- best 1 domain ---    -#dom-
    E-value  score  bias    E-value  score  bias    exp  N  Model    Description
    ------- ------ -----    ------- ------ -----   ---- --  -------- -----------
    2.1e-30  106.9   2.6    2.6e-30  106.7   2.6    1.1  1  Astro_1A  Astrovirus transmembrane protein 1A
  ------ inclusion threshold ------
      0.042   15.0   0.0      0.059   14.5   0.0    1.2  1  DUF8020   Domain of unknown function (DUF8020)
      0.084   13.9   0.0        0.1   13.6   0.0    1.2  1  ACP       Malonate decarboxylase delta subunit (MdcD)
        0.1   13.6   0.2        5.2    8.2   0.0    2.1  2  DtxR      Diphteria toxin repressor SH3 domain
       0.14   12.6   0.0        0.2   12.1   0.0    1.3  1  DUF1408   Protein of unknown function (DUF1408)


Domain annotation for each model:
>> Astro_1A  Astrovirus transmembrane protein 1A
   #    score  bias  c-Evalue  i-Evalue hmmfrom  hmm to    alifrom  ali to    envfrom  env to     acc
 ---   ------ ----- --------- --------- ------- -------    ------- -------    ------- -------    ----
   1 !  106.7   2.6   4.3e-34   2.6e-30     192     244 .]       2      54 ..       1      54 [. 0.98

>> DUF8020  Domain of unknown function (DUF8020)
   #    score  bias  c-Evalue  i-Evalue hmmfrom  hmm to    alifrom  ali to    envfrom  env to     acc
 ---   ------ ----- --------- --------- ------- -------    ------- -------    ------- -------    ----
   1 ?   14.5   0.0   9.8e-06     0.059      28      46 ..      23      41 ..      14      50 .. 0.86

>> ACP  Malonate decarboxylase delta subunit (MdcD)
   #    score  bias  c-Evalue  i-Evalue hmmfrom  hmm to    alifrom  ali to    envfrom  env to     acc
 ---   ------ ----- --------- --------- ------- -------    ------- -------    ------- -------    ----
   1 ?   13.6   0.0   1.7e-05       0.1      29      65 ..      28      64 ..      14      72 .. 0.92

>> DtxR  Diphteria toxin repressor SH3 domain
   #    score  bias  c-Evalue  i-Evalue hmmfrom  hmm to    alifrom  ali to    envfrom  env to     acc
 ---   ------ ----- --------- --------- ------- -------    ------- -------    ------- -------    ----
   1 ?    4.1   0.0     0.015        93      36      59 ..      13      36 ..       5      45 .. 0.85
   2 ?    8.2   0.0   0.00086       5.2      27      59 ..      43      75 ..      39      81 .. 0.81

>> DUF1408  Protein of unknown function (DUF1408)
   #    score  bias  c-Evalue  i-Evalue hmmfrom  hmm to    alifrom  ali to    envfrom  env to     acc
 ---   ------ ----- --------- --------- ------- -------    ------- -------    ------- -------    ----
   1 ?   12.1   0.0   3.3e-05       0.2       6      49 ..      29      75 ..      24      84 .. 0.66



Internal pipeline statistics summary:
-------------------------------------
Query sequence(s):                         1  (87 residues searched)
Target model(s):                       30134  (4754065 nodes)
Passed MSV filter:                       610  (0.0202429); expected 602.7 (0.02)
Passed bias filter:                      529  (0.0175549); expected 602.7 (0.02)
Passed Vit filter:                        40  (0.0013274); expected 30.1 (0.001)
Passed Fwd filter:                         5  (0.000165926); expected 0.3 (1e-05)
Initial search space (Z):              30134  [actual number of targets]
Domain search space  (domZ):               5  [number of targets reported over threshold]
# CPU time: 0.35u 0.16s 00:00:00.51 Elapsed: 00:00:00.86
# Mc/sec: 480.18
//
Query:       L23511.1_1  [L=66]
Description: # 3 # 200 # 1 # ID=22_1;partial=10;start_type=Edge;rbs_motif=None;rbs_spacer=None;genetic_code=11;gc_cont=0.429
Scores for complete sequence (score includes all domains):
   --- full sequence ---   --- best 1 domain ---    -#dom-
    E-value  score  bias    E-value  score  bias    exp  N  Model         Description
    ------- ------ -----    ------- ------ -----   ---- --  --------      -----------
    1.9e-32  113.1   0.3    2.2e-32  112.9   0.3    1.0  1  Astrovir_pp_1  Astroviridae polyprotein 1


Domain annotation for each model:
>> Astrovir_pp_1  Astroviridae polyprotein 1
   #    score  bias  c-Evalue  i-Evalue hmmfrom  hmm to    alifrom  ali to    envfrom  env to     acc
 ---   ------ ----- --------- --------- ------- -------    ------- -------    ------- -------    ----
   1 !  112.9   0.3   7.3e-37   2.2e-32     116     171 .]       1      56 [.       1      56 [. 0.99



Internal pipeline statistics summary:
-------------------------------------
Query sequence(s):                         1  (66 residues searched)
Target model(s):                       30134  (4754065 nodes)
Passed MSV filter:                       501  (0.0166257); expected 602.7 (0.02)
Passed bias filter:                      379  (0.0125772); expected 602.7 (0.02)
Passed Vit filter:                        35  (0.00116148); expected 30.1 (0.001)
Passed Fwd filter:                         1  (3.31851e-05); expected 0.3 (1e-05)
Initial search space (Z):              30134  [actual number of targets]
Domain search space  (domZ):               1  [number of targets reported over threshold]
# CPU time: 0.27u 0.12s 00:00:00.39 Elapsed: 00:00:00.59
# Mc/sec: 529.84
//
Query:       L23508.1_1  [L=66]
Description: # 3 # 200 # 1 # ID=23_1;partial=10;start_type=Edge;rbs_motif=None;rbs_spacer=None;genetic_code=11;gc_cont=0.434
Scores for complete sequence (score includes all domains):
   --- full sequence ---   --- best 1 domain ---    -#dom-
    E-value  score  bias    E-value  score  bias    exp  N  Model         Description
    ------- ------ -----    ------- ------ -----   ---- --  --------      -----------
      2e-32  113.1   0.3    2.2e-32  112.9   0.3    1.0  1  Astrovir_pp_1  Astroviridae polyprotein 1


Domain annotation for each model:
>> Astrovir_pp_1  Astroviridae polyprotein 1
   #    score  bias  c-Evalue  i-Evalue hmmfrom  hmm to    alifrom  ali to    envfrom  env to     acc
 ---   ------ ----- --------- --------- ------- -------    ------- -------    ------- -------    ----
   1 !  112.9   0.3   7.3e-37   2.2e-32     116     171 .]       1      56 [.       1      56 [. 0.99



Internal pipeline statistics summary:
-------------------------------------
Query sequence(s):                         1  (66 residues searched)
Target model(s):                       30134  (4754065 nodes)
Passed MSV filter:                       498  (0.0165262); expected 602.7 (0.02)
Passed bias filter:                      405  (0.01344); expected 602.7 (0.02)
Passed Vit filter:                        36  (0.00119466); expected 30.1 (0.001)
Passed Fwd filter:                         1  (3.31851e-05); expected 0.3 (1e-05)
Initial search space (Z):              30134  [actual number of targets]
Domain search space  (domZ):               1  [number of targets reported over threshold]
# CPU time: 0.17u 0.13s 00:00:00.30 Elapsed: 00:00:00.31
# Mc/sec: 986.14
//
Query:       L13745.1_1  [L=948]
Description: # 2 # 2845 # 1 # ID=24_1;partial=10;start_type=Edge;rbs_motif=None;rbs_spacer=None;genetic_code=11;gc_cont=0.430
Scores for complete sequence (score includes all domains):
   --- full sequence ---   --- best 1 domain ---    -#dom-
    E-value  score  bias    E-value  score  bias    exp  N  Model          Description
    ------- ------ -----    ------- ------ -----   ---- --  --------       -----------
   1.8e-166  552.5  17.2   2.6e-166  552.0  17.2    1.2  1  Astro_1A        Astrovirus transmembrane protein 1A
   1.7e-118  392.9   0.0   3.3e-118  392.0   0.0    1.5  1  Astro_p19       Astrovirus p19 protein
    5.6e-90  300.4  15.3    1.5e-88  295.7  15.3    2.4  1  Astrovir_pp_1   Astroviridae polyprotein 1
    8.2e-43  146.3   7.7    1.9e-42  145.1   7.7    1.7  1  Astro_VPg       Astrovirus VPg protein
    1.1e-13   52.9   0.2    3.9e-13   51.1   0.1    2.0  2  Trypsin_2       Trypsin-like peptidase domain
  ------ inclusion threshold ------
       0.05   13.5   0.0      0.088   12.7   0.0    1.3  1  Peptidase_C4    Peptidase family C4
      0.062   14.4   0.0        0.2   12.8   0.0    1.8  1  DUF8020         Domain of unknown function (DUF8020)
       0.11   13.2   0.0       0.22   12.2   0.0    1.5  1  Peptidase_C3    3C cysteine protease (picornain 3C)
       0.27   12.1   0.0          1   10.3   0.0    2.0  1  RNA_pol_Rpb2_3  RNA polymerase Rpb2, domain 3
        1.3    9.7   8.0          3    8.5   8.0    1.5  1  Trypan_PARP     Procyclic acidic repetitive protein (PARP)


Domain annotation for each model:
>> Astro_1A  Astrovirus transmembrane protein 1A
   #    score  bias  c-Evalue  i-Evalue hmmfrom  hmm to    alifrom  ali to    envfrom  env to     acc
 ---   ------ ----- --------- --------- ------- -------    ------- -------    ------- -------    ----
   1 !  552.0  17.2  8.6e-170  2.6e-166       1     244 []     203     446 ..     203     446 .. 1.00

>> Astro_p19  Astrovirus p19 protein
   #    score  bias  c-Evalue  i-Evalue hmmfrom  hmm to    alifrom  ali to    envfrom  env to     acc
 ---   ------ ----- --------- --------- ------- -------    ------- -------    ------- -------    ----
   1 !  392.0   0.0  1.1e-121  3.3e-118       1     174 []      28     201 ..      28     201 .. 1.00

>> Astrovir_pp_1  Astroviridae polyprotein 1
   #    score  bias  c-Evalue  i-Evalue hmmfrom  hmm to    alifrom  ali to    envfrom  env to     acc
 ---   ------ ----- --------- --------- ------- -------    ------- -------    ------- -------    ----
   1 !  295.7  15.3   5.1e-92   1.5e-88       1     171 []     783     938 ..     783     938 .. 0.97

>> Astro_VPg  Astrovirus VPg protein
   #    score  bias  c-Evalue  i-Evalue hmmfrom  hmm to    alifrom  ali to    envfrom  env to     acc
 ---   ------ ----- --------- --------- ------- -------    ------- -------    ------- -------    ----
   1 !  145.1   7.7   6.3e-46   1.9e-42       1     104 []     691     782 ..     691     782 .. 0.99

>> Trypsin_2  Trypsin-like peptidase domain
   #    score  bias  c-Evalue  i-Evalue hmmfrom  hmm to    alifrom  ali to    envfrom  env to     acc
 ---   ------ ----- --------- --------- ------- -------    ------- -------    ------- -------    ----
   1 ?   -2.1   0.0       3.3     1e+04     113     140 ..      87     115 ..      62     116 .. 0.77
   2 !   51.1   0.1   1.3e-16   3.9e-13       1     145 []     474     592 ..     474     592 .. 0.88

>> Peptidase_C4  Peptidase family C4
   #    score  bias  c-Evalue  i-Evalue hmmfrom  hmm to    alifrom  ali to    envfrom  env to     acc
 ---   ------ ----- --------- --------- ------- -------    ------- -------    ------- -------    ----
   1 ?   12.7   0.0   2.9e-05     0.088      20     118 ..     464     549 ..     447     584 .. 0.81

>> DUF8020  Domain of unknown function (DUF8020)
   #    score  bias  c-Evalue  i-Evalue hmmfrom  hmm to    alifrom  ali to    envfrom  env to     acc
 ---   ------ ----- --------- --------- ------- -------    ------- -------    ------- -------    ----
   1 ?   12.8   0.0   6.6e-05       0.2      28      46 ..     415     433 ..     406     440 .. 0.87

>> Peptidase_C3  3C cysteine protease (picornain 3C)
   #    score  bias  c-Evalue  i-Evalue hmmfrom  hmm to    alifrom  ali to    envfrom  env to     acc
 ---   ------ ----- --------- --------- ------- -------    ------- -------    ------- -------    ----
   1 ?   12.2   0.0   7.4e-05      0.22     112     165 ..     542     597 ..     515     598 .. 0.73

>> RNA_pol_Rpb2_3  RNA polymerase Rpb2, domain 3
   #    score  bias  c-Evalue  i-Evalue hmmfrom  hmm to    alifrom  ali to    envfrom  env to     acc
 ---   ------ ----- --------- --------- ------- -------    ------- -------    ------- -------    ----
   1 ?   10.3   0.0   0.00034         1      42      58 ..     461     477 ..     432     480 .. 0.83

>> Trypan_PARP  Procyclic acidic repetitive protein (PARP)
   #    score  bias  c-Evalue  i-Evalue hmmfrom  hmm to    alifrom  ali to    envfrom  env to     acc
 ---   ------ ----- --------- --------- ------- -------    ------- -------    ------- -------    ----
   1 ?    8.5   8.0     0.001         3      59     111 ..     783     836 ..     759     844 .. 0.41



Internal pipeline statistics summary:
-------------------------------------
Query sequence(s):                         1  (948 residues searched)
Target model(s):                       30134  (4754065 nodes)
Passed MSV filter:                      1627  (0.0539922); expected 602.7 (0.02)
Passed bias filter:                     1091  (0.036205); expected 602.7 (0.02)
Passed Vit filter:                       111  (0.00368355); expected 30.1 (0.001)
Passed Fwd filter:                        11  (0.000365036); expected 0.3 (1e-05)
Initial search space (Z):              30134  [actual number of targets]
Domain search space  (domZ):              10  [number of targets reported over threshold]
# CPU time: 0.68u 0.18s 00:00:00.86 Elapsed: 00:00:01.34
# Mc/sec: 3343.20
//
Query:       L13745.1_2  [L=491]
Description: # 2860 # 4332 # 1 # ID=24_2;partial=00;start_type=TTG;rbs_motif=GGA/GAG/AGG;rbs_spacer=5-10bp;genetic_code=11;gc_cont=0.422
Scores for complete sequence (score includes all domains):
   --- full sequence ---   --- best 1 domain ---    -#dom-
    E-value  score  bias    E-value  score  bias    exp  N  Model    Description
    ------- ------ -----    ------- ------ -----   ---- --  -------- -----------
    7.4e-41  141.0   0.1    8.8e-41  140.8   0.1    1.1  1  RdRP_1    Viral RNA-dependent RNA polymerase


Domain annotation for each model:
>> RdRP_1  Viral RNA-dependent RNA polymerase
   #    score  bias  c-Evalue  i-Evalue hmmfrom  hmm to    alifrom  ali to    envfrom  env to     acc
 ---   ------ ----- --------- --------- ------- -------    ------- -------    ------- -------    ----
   1 !  140.8   0.1   2.9e-45   8.8e-41     137     411 ..     145     417 ..      51     458 .. 0.85



Internal pipeline statistics summary:
-------------------------------------
Query sequence(s):                         1  (491 residues searched)
Target model(s):                       30134  (4754065 nodes)
Passed MSV filter:                       734  (0.0243579); expected 602.7 (0.02)
Passed bias filter:                      671  (0.0222672); expected 602.7 (0.02)
Passed Vit filter:                        54  (0.001792); expected 30.1 (0.001)
Passed Fwd filter:                         1  (3.31851e-05); expected 0.3 (1e-05)
Initial search space (Z):              30134  [actual number of targets]
Domain search space  (domZ):               1  [number of targets reported over threshold]
# CPU time: 0.42u 0.23s 00:00:00.65 Elapsed: 00:00:00.99
# Mc/sec: 2347.93
//
Query:       L13745.1_3  [L=797]
Description: # 4325 # 6715 # 1 # ID=24_3;partial=00;start_type=ATG;rbs_motif=None;rbs_spacer=None;genetic_code=11;gc_cont=0.458
Scores for complete sequence (score includes all domains):
   --- full sequence ---   --- best 1 domain ---    -#dom-
    E-value  score  bias    E-value  score  bias    exp  N  Model          Description
    ------- ------ -----    ------- ------ -----   ---- --  --------       -----------
   1.2e-163  545.2   0.7   1.9e-163  544.5   0.7    1.3  1  Astro_capsid_p  Turkey astrovirus capsid protein
   3.5e-123  410.5   4.2   5.9e-123  409.8   4.2    1.4  1  Astro_capsid_N  Astrovirus capsid protein nucleoplasmin-like 
  ------ inclusion threshold ------
      0.051   13.9   0.2       0.19   12.1   0.2    1.9  1  SP2             Structural protein 2 nucleoplasmin-like domai
       0.07   13.8   0.7       0.14   12.9   0.7    1.4  1  PRR20           Proline-rich protein family 20
       0.11   12.3   7.0       0.18   11.6   7.0    1.3  1  CoV_nucleocap   Coronavirus nucleocapsid
       0.17   12.7   0.0       0.48   11.2   0.0    1.7  1  SP2_M           Structural protein 2 second domain
        1.5    9.3   8.3        3.6    8.1   8.3    1.5  1  FAM176          FAM176 family
        4.7    6.0   8.7        6.8    5.5   8.7    1.1  1  Nop14           Nop14-like family


Domain annotation for each model:
>> Astro_capsid_p  Turkey astrovirus capsid protein
   #    score  bias  c-Evalue  i-Evalue hmmfrom  hmm to    alifrom  ali to    envfrom  env to     acc
 ---   ------ ----- --------- --------- ------- -------    ------- -------    ------- -------    ----
   1 !  544.5   0.7  5.1e-167  1.9e-163       2     363 .]     432     796 ..     431     796 .. 0.99

>> Astro_capsid_N  Astrovirus capsid protein nucleoplasmin-like domain
   #    score  bias  c-Evalue  i-Evalue hmmfrom  hmm to    alifrom  ali to    envfrom  env to     acc
 ---   ------ ----- --------- --------- ------- -------    ------- -------    ------- -------    ----
   1 !  409.8   4.2  1.6e-126  5.9e-123       1     249 []      17     258 ..      17     258 .. 1.00

>> SP2  Structural protein 2 nucleoplasmin-like domain
   #    score  bias  c-Evalue  i-Evalue hmmfrom  hmm to    alifrom  ali to    envfrom  env to     acc
 ---   ------ ----- --------- --------- ------- -------    ------- -------    ------- -------    ----
   1 ?   12.1   0.2     5e-05      0.19      26     205 .]      93     258 ..      79     258 .. 0.73

>> PRR20  Proline-rich protein family 20
   #    score  bias  c-Evalue  i-Evalue hmmfrom  hmm to    alifrom  ali to    envfrom  env to     acc
 ---   ------ ----- --------- --------- ------- -------    ------- -------    ------- -------    ----
   1 ?   12.9   0.7   3.6e-05      0.14      73     208 ..      17     167 ..       6     171 .. 0.72

>> CoV_nucleocap  Coronavirus nucleocapsid
   #    score  bias  c-Evalue  i-Evalue hmmfrom  hmm to    alifrom  ali to    envfrom  env to     acc
 ---   ------ ----- --------- --------- ------- -------    ------- -------    ------- -------    ----
   1 ?   11.6   7.0   4.8e-05      0.18     127     192 ..       6      77 ..       1      94 [. 0.63

>> SP2_M  Structural protein 2 second domain
   #    score  bias  c-Evalue  i-Evalue hmmfrom  hmm to    alifrom  ali to    envfrom  env to     acc
 ---   ------ ----- --------- --------- ------- -------    ------- -------    ------- -------    ----
   1 ?   11.2   0.0   0.00013      0.48      56     113 ..     320     381 ..     292     392 .. 0.71

>> FAM176  FAM176 family
   #    score  bias  c-Evalue  i-Evalue hmmfrom  hmm to    alifrom  ali to    envfrom  env to     acc
 ---   ------ ----- --------- --------- ------- -------    ------- -------    ------- -------    ----
   1 ?    8.1   8.3   0.00095       3.6      47     125 ..     664     742 ..     657     744 .. 0.75

>> Nop14  Nop14-like family
   #    score  bias  c-Evalue  i-Evalue hmmfrom  hmm to    alifrom  ali to    envfrom  env to     acc
 ---   ------ ----- --------- --------- ------- -------    ------- -------    ------- -------    ----
   1 ?    5.5   8.7    0.0018       6.8     353     404 ..     667     717 ..     647     753 .. 0.48



Internal pipeline statistics summary:
-------------------------------------
Query sequence(s):                         1  (797 residues searched)
Target model(s):                       30134  (4754065 nodes)
Passed MSV filter:                      1507  (0.05001); expected 602.7 (0.02)
Passed bias filter:                      978  (0.032455); expected 602.7 (0.02)
Passed Vit filter:                       116  (0.00384947); expected 30.1 (0.001)
Passed Fwd filter:                        14  (0.000464591); expected 0.3 (1e-05)
Initial search space (Z):              30134  [actual number of targets]
Domain search space  (domZ):               8  [number of targets reported over threshold]
# CPU time: 0.75u 0.19s 00:00:00.94 Elapsed: 00:00:01.39
# Mc/sec: 2708.44
//
Query:       PP871917.1_1  [L=1391]
Description: # 1 # 4173 # 1 # ID=25_1;partial=10;start_type=Edge;rbs_motif=None;rbs_spacer=None;genetic_code=11;gc_cont=0.445
Scores for complete sequence (score includes all domains):
   --- full sequence ---   --- best 1 domain ---    -#dom-
    E-value  score  bias    E-value  score  bias    exp  N  Model         Description
    ------- ------ -----    ------- ------ -----   ---- --  --------      -----------
    3.8e-47  160.6   0.0    8.9e-47  159.4   0.0    1.7  1  Astro_p19      Astrovirus p19 protein
    8.4e-47  160.6   0.0    1.9e-46  159.5   0.0    1.5  1  RdRP_1         Viral RNA-dependent RNA polymerase
    3.5e-45  155.4   8.9    5.7e-45  154.7   8.9    1.3  1  Astro_1A       Astrovirus transmembrane protein 1A
    3.6e-36  125.2   0.1    9.2e-36  123.9   0.1    1.6  1  Astrovir_pp_1  Astroviridae polyprotein 1
    4.8e-15   57.0   5.4    1.3e-14   55.7   5.4    1.7  1  Astro_VPg      Astrovirus VPg protein
    2.9e-10   41.8   0.7    5.2e-10   40.9   0.7    1.5  1  Trypsin_2      Trypsin-like peptidase domain
    0.00077   20.2   0.0    0.00077   20.2   0.0    2.0  3  Peptidase_C3   3C cysteine protease (picornain 3C)
  ------ inclusion threshold ------
       0.22   11.4   2.4       0.43   10.5   2.4    1.3  1  Peptidase_S32  Equine arteritis virus serine endopeptidase S3
       0.31   10.7   4.3        0.5   10.1   4.3    1.2  1  eIF-4B         Plant specific eukaryotic initiation factor 4B
       0.54    9.5   3.9       0.82    8.9   3.9    1.2  1  Orbi_VP5       Orbivirus outer capsid protein VP5
        2.3    8.7  12.0       0.25   11.9   5.3    2.2  2  BRE1B          BRE1B-like domain


Domain annotation for each model:
>> Astro_p19  Astrovirus p19 protein
   #    score  bias  c-Evalue  i-Evalue hmmfrom  hmm to    alifrom  ali to    envfrom  env to     acc
 ---   ------ ----- --------- --------- ------- -------    ------- -------    ------- -------    ----
   1 !  159.4   0.0   3.3e-50   8.9e-47       4     174 .]       4     173 ..       1     173 [. 0.95

>> RdRP_1  Viral RNA-dependent RNA polymerase
   #    score  bias  c-Evalue  i-Evalue hmmfrom  hmm to    alifrom  ali to    envfrom  env to     acc
 ---   ------ ----- --------- --------- ------- -------    ------- -------    ------- -------    ----
   1 !  159.5   0.0   6.8e-50   1.9e-46     140     393 ..    1048    1300 ..    1012    1352 .. 0.90

>> Astro_1A  Astrovirus transmembrane protein 1A
   #    score  bias  c-Evalue  i-Evalue hmmfrom  hmm to    alifrom  ali to    envfrom  env to     acc
 ---   ------ ----- --------- --------- ------- -------    ------- -------    ------- -------    ----
   1 !  154.7   8.9   2.1e-48   5.7e-45      12     244 .]     192     424 ..     182     424 .. 0.97

>> Astrovir_pp_1  Astroviridae polyprotein 1
   #    score  bias  c-Evalue  i-Evalue hmmfrom  hmm to    alifrom  ali to    envfrom  env to     acc
 ---   ------ ----- --------- --------- ------- -------    ------- -------    ------- -------    ----
   1 !  123.9   0.1   3.4e-39   9.2e-36      51     163 ..     765     881 ..     740     888 .. 0.83

>> Astro_VPg  Astrovirus VPg protein
   #    score  bias  c-Evalue  i-Evalue hmmfrom  hmm to    alifrom  ali to    envfrom  env to     acc
 ---   ------ ----- --------- --------- ------- -------    ------- -------    ------- -------    ----
   1 !   55.7   5.4   4.7e-18   1.3e-14       1      93 [.     657     740 ..     657     747 .. 0.91

>> Trypsin_2  Trypsin-like peptidase domain
   #    score  bias  c-Evalue  i-Evalue hmmfrom  hmm to    alifrom  ali to    envfrom  env to     acc
 ---   ------ ----- --------- --------- ------- -------    ------- -------    ------- -------    ----
   1 !   40.9   0.7   1.9e-13   5.2e-10       1     145 []     450     568 ..     450     568 .. 0.82

>> Peptidase_C3  3C cysteine protease (picornain 3C)
   #    score  bias  c-Evalue  i-Evalue hmmfrom  hmm to    alifrom  ali to    envfrom  env to     acc
 ---   ------ ----- --------- --------- ------- -------    ------- -------    ------- -------    ----
   1 ?   -3.7   0.4       6.4   1.7e+04     146     161 ..     454     469 ..     451     469 .. 0.92
   2 !   20.2   0.0   2.8e-07   0.00077     126     165 ..     533     573 ..     493     574 .. 0.82
   3 ?   -3.8   0.0       6.7   1.8e+04     135     148 ..    1101    1114 ..    1096    1115 .. 0.80

>> Peptidase_S32  Equine arteritis virus serine endopeptidase S32
   #    score  bias  c-Evalue  i-Evalue hmmfrom  hmm to    alifrom  ali to    envfrom  env to     acc
 ---   ------ ----- --------- --------- ------- -------    ------- -------    ------- -------    ----
   1 ?   10.5   2.4   0.00016      0.43     113     236 ..     447     581 ..     438     589 .. 0.58

>> eIF-4B  Plant specific eukaryotic initiation factor 4B
   #    score  bias  c-Evalue  i-Evalue hmmfrom  hmm to    alifrom  ali to    envfrom  env to     acc
 ---   ------ ----- --------- --------- ------- -------    ------- -------    ------- -------    ----
   1 ?   10.1   4.3   0.00018       0.5     371     454 ..     590     675 ..     581     695 .. 0.77

>> Orbi_VP5  Orbivirus outer capsid protein VP5
   #    score  bias  c-Evalue  i-Evalue hmmfrom  hmm to    alifrom  ali to    envfrom  env to     acc
 ---   ------ ----- --------- --------- ------- -------    ------- -------    ------- -------    ----
   1 ?    8.9   3.9    0.0003      0.82      72     147 ..     581     658 ..     578     664 .. 0.87

>> BRE1B  BRE1B-like domain
   #    score  bias  c-Evalue  i-Evalue hmmfrom  hmm to    alifrom  ali to    envfrom  env to     acc
 ---   ------ ----- --------- --------- ------- -------    ------- -------    ------- -------    ----
   1 ?    0.0   0.5       0.4   1.1e+03      61      92 ..     109     140 ..      96     148 .. 0.61
   2 ?   11.9   5.3     9e-05      0.25      32     101 ..     596     663 ..     591     675 .. 0.92



Internal pipeline statistics summary:
-------------------------------------
Query sequence(s):                         1  (1391 residues searched)
Target model(s):                       30134  (4754065 nodes)
Passed MSV filter:                      1632  (0.0541581); expected 602.7 (0.02)
Passed bias filter:                     1019  (0.0338156); expected 602.7 (0.02)
Passed Vit filter:                       112  (0.00371673); expected 30.1 (0.001)
Passed Fwd filter:                        14  (0.000464591); expected 0.3 (1e-05)
Initial search space (Z):              30134  [actual number of targets]
Domain search space  (domZ):              11  [number of targets reported over threshold]
# CPU time: 0.91u 0.15s 00:00:01.06 Elapsed: 00:00:01.46
# Mc/sec: 4522.36
//
Query:       PP871917.1_2  [L=771]
Description: # 4166 # 6478 # 1 # ID=25_2;partial=00;start_type=ATG;rbs_motif=None;rbs_spacer=None;genetic_code=11;gc_cont=0.482
Scores for complete sequence (score includes all domains):
   --- full sequence ---   --- best 1 domain ---    -#dom-
    E-value  score  bias    E-value  score  bias    exp  N  Model           Description
    ------- ------ -----    ------- ------ -----   ---- --  --------        -----------
      1e-77  261.6   5.2    1.7e-77  260.9   5.2    1.3  1  Astro_capsid_N   Astrovirus capsid protein nucleoplasmin-like
      3e-18   66.9   0.0    8.9e-18   65.3   0.0    1.8  2  Astro_capsid_p   Turkey astrovirus capsid protein
    6.4e-06   27.0   0.1    3.3e-05   24.7   0.0    2.1  2  SP2_M            Structural protein 2 second domain
    0.00077   19.9   0.6     0.0044   17.4   0.6    2.1  1  SP2              Structural protein 2 nucleoplasmin-like doma
  ------ inclusion threshold ------
      0.096   12.5   6.0       0.14   12.0   6.0    1.2  1  CoV_nucleocap    Coronavirus nucleocapsid
       0.12   12.5   0.0       0.24   11.5   0.0    1.4  1  Glyco_hydro_98C  Glycosyl hydrolase family 98 C-terminal doma


Domain annotation for each model:
>> Astro_capsid_N  Astrovirus capsid protein nucleoplasmin-like domain
   #    score  bias  c-Evalue  i-Evalue hmmfrom  hmm to    alifrom  ali to    envfrom  env to     acc
 ---   ------ ----- --------- --------- ------- -------    ------- -------    ------- -------    ----
   1 !  260.9   5.2   3.4e-81   1.7e-77       7     249 .]      21     256 ..      15     256 .. 0.96

>> Astro_capsid_p  Turkey astrovirus capsid protein
   #    score  bias  c-Evalue  i-Evalue hmmfrom  hmm to    alifrom  ali to    envfrom  env to     acc
 ---   ------ ----- --------- --------- ------- -------    ------- -------    ------- -------    ----
   1 ?   -3.1   0.0       1.1   5.7e+03     184     214 ..     254     284 ..     231     293 .. 0.80
   2 !   65.3   0.0   1.8e-21   8.9e-18      82     359 ..     514     766 ..     450     770 .. 0.80

>> SP2_M  Structural protein 2 second domain
   #    score  bias  c-Evalue  i-Evalue hmmfrom  hmm to    alifrom  ali to    envfrom  env to     acc
 ---   ------ ----- --------- --------- ------- -------    ------- -------    ------- -------    ----
   1 ?   -1.5   0.0      0.82   4.1e+03      41      58 ..     113     130 ..      82     140 .. 0.79
   2 !   24.7   0.0   6.5e-09   3.3e-05      28     114 ..     299     380 ..     281     393 .. 0.77

>> SP2  Structural protein 2 nucleoplasmin-like domain
   #    score  bias  c-Evalue  i-Evalue hmmfrom  hmm to    alifrom  ali to    envfrom  env to     acc
 ---   ------ ----- --------- --------- ------- -------    ------- -------    ------- -------    ----
   1 !   17.4   0.6   8.7e-07    0.0044      35     205 .]     100     256 ..      79     256 .. 0.74

>> CoV_nucleocap  Coronavirus nucleocapsid
   #    score  bias  c-Evalue  i-Evalue hmmfrom  hmm to    alifrom  ali to    envfrom  env to     acc
 ---   ------ ----- --------- --------- ------- -------    ------- -------    ------- -------    ----
   1 ?   12.0   6.0   2.8e-05      0.14     124     195 ..       3      78 ..       1      95 [. 0.77

>> Glyco_hydro_98C  Glycosyl hydrolase family 98 C-terminal domain
   #    score  bias  c-Evalue  i-Evalue hmmfrom  hmm to    alifrom  ali to    envfrom  env to     acc
 ---   ------ ----- --------- --------- ------- -------    ------- -------    ------- -------    ----
   1 ?   11.5   0.0   4.7e-05      0.24      96     152 ..     231     295 ..     221     323 .. 0.89



Internal pipeline statistics summary:
-------------------------------------
Query sequence(s):                         1  (771 residues searched)
Target model(s):                       30134  (4754065 nodes)
Passed MSV filter:                       800  (0.0265481); expected 602.7 (0.02)
Passed bias filter:                      597  (0.0198115); expected 602.7 (0.02)
Passed Vit filter:                        51  (0.00169244); expected 30.1 (0.001)
Passed Fwd filter:                         6  (0.000199111); expected 0.3 (1e-05)
Initial search space (Z):              30134  [actual number of targets]
Domain search space  (domZ):               6  [number of targets reported over threshold]
# CPU time: 0.47u 0.17s 00:00:00.64 Elapsed: 00:00:00.85
# Mc/sec: 4263.80
//
Query:       PP711869.1_1  [L=933]
Description: # 1 # 2799 # 1 # ID=26_1;partial=10;start_type=Edge;rbs_motif=None;rbs_spacer=None;genetic_code=15;gc_cont=0.556
Scores for complete sequence (score includes all domains):
   --- full sequence ---   --- best 1 domain ---    -#dom-
    E-value  score  bias    E-value  score  bias    exp  N  Model             Description
    ------- ------ -----    ------- ------ -----   ---- --  --------          -----------
    5.4e-15   57.1   5.0    6.7e-13   50.3   1.8    2.4  2  Trypsin_2          Trypsin-like peptidase domain
    2.8e-08   35.3   3.2     0.0043   18.6   0.6    2.7  2  Astro_VPg          Astrovirus VPg protein
    3.2e-05   25.3  11.3        1.4   10.4   1.9    4.4  4  Phage_ProQ_C_like  Phage ProQ C-terminal-like domain
     0.0026   18.3   0.0        0.5   10.8   0.0    2.1  2  Med12-PQL          Eukaryotic Mediator 12 catenin-binding dom
     0.0073   17.3   1.7          6    7.9   0.0    3.1  2  PAS_3              PAS fold
  ------ inclusion threshold ------
      0.013   15.4  10.7        1.1    9.2   6.3    2.4  2  Peptidase_S32      Equine arteritis virus serine endopeptidas
      0.014   16.5   0.1        8.2    7.6   0.1    2.7  2  DUF8606            Domain of unknown function (DUF8606)
      0.015   15.8   1.9       0.11   13.0   0.2    2.3  2  Peptidase_S29      Hepatitis C virus NS3 protease
      0.024   14.8   2.5        1.6    8.8   0.1    2.6  3  DUF6461            Family of unknown function (DUF6461)
      0.054   13.7   0.5        9.8    6.3   0.1    2.3  2  Menorin_N          Menorin N-terminal domain
      0.062   14.2   1.3         15    6.4   0.1    2.5  2  DUF4901            YcdB, YcdC repeated domain
      0.062   14.4   0.5        4.7    8.4   0.1    3.0  2  CC4_CEP85          Centrosomal protein of 85 kDa-like, CC4 co
      0.089   13.8   0.1         36    5.4   0.0    2.7  2  Flu_B_M2           Influenza B matrix protein 2 (BM2)
        0.1   13.7   0.2         72    4.4   0.0    3.1  2  Phage_T7_Capsid    Phage T7 capsid assembly protein
       0.16   12.6   3.3        3.1    8.4   0.2    2.5  2  Dec-1              Dec-1 repeat
       0.17   13.0   0.1         11    7.1   0.0    2.7  2  CBS                CBS domain
       0.22   12.3   3.4        4.5    8.2   0.3    2.7  2  HTH_54             ParA helix turn helix domain
       0.35   11.2   1.1         19    5.6   0.1    2.2  2  Cytochrom_C1       Cytochrome C1 family
       0.85   11.2   5.3        6.2    8.5   0.6    2.4  2  DUF8416            Family of unknown function (DUF8416)
        4.6    7.8  11.1        7.8    7.1   3.3    2.4  2  Docking            Erythronolide synthase docking domain
        4.8    8.1   9.3         17    6.4   0.2    3.7  4  DUF29              Domain of unknown function DUF29
        7.4    7.6   5.0         67    4.5   0.3    2.7  2  Gal4_dimer         Gal4-like dimerisation domain
        9.1    7.0  15.3        3.5    8.3   4.5    2.9  2  Pox_A_type_inc     Viral A-type inclusion protein repeat


Domain annotation for each model:
>> Trypsin_2  Trypsin-like peptidase domain
   #    score  bias  c-Evalue  i-Evalue hmmfrom  hmm to    alifrom  ali to    envfrom  env to     acc
 ---   ------ ----- --------- --------- ------- -------    ------- -------    ------- -------    ----
   1 !   50.3   1.8   5.1e-16   6.7e-13       1     145 []      23     142 ..      23     142 .. 0.93
   2 !    7.6   0.1    0.0075       9.8     130     145 .]     632     647 ..     627     647 .. 0.92

>> Astro_VPg  Astrovirus VPg protein
   #    score  bias  c-Evalue  i-Evalue hmmfrom  hmm to    alifrom  ali to    envfrom  env to     acc
 ---   ------ ----- --------- --------- ------- -------    ------- -------    ------- -------    ----
   1 !   18.6   0.6   3.3e-06    0.0043      23      71 ..     228     272 ..     219     310 .. 0.73
   2 !   16.2   0.1   1.8e-05     0.024      16      71 ..     733     783 ..     726     795 .. 0.76

>> Phage_ProQ_C_like  Phage ProQ C-terminal-like domain
   #    score  bias  c-Evalue  i-Evalue hmmfrom  hmm to    alifrom  ali to    envfrom  env to     acc
 ---   ------ ----- --------- --------- ------- -------    ------- -------    ------- -------    ----
   1 ?    3.6   0.1      0.13   1.7e+02      56     107 ..     146     198 ..     101     214 .. 0.70
   2 !   10.4   1.9    0.0011       1.4      47      88 ..     219     260 ..     208     277 .. 0.83
   3 ?    7.1   0.0     0.011        14      59      97 ..     654     693 ..     640     712 .. 0.68
   4 !    7.4   0.2    0.0088        12      47      88 ..     730     771 ..     717     791 .. 0.82

>> Med12-PQL  Eukaryotic Mediator 12 catenin-binding domain
   #    score  bias  c-Evalue  i-Evalue hmmfrom  hmm to    alifrom  ali to    envfrom  env to     acc
 ---   ------ ----- --------- --------- ------- -------    ------- -------    ------- -------    ----
   1 !   10.8   0.0   0.00038       0.5      20     133 ..     139     254 ..     127     259 .. 0.76
   2 ?    5.1   0.0     0.022        29      21     133 ..     645     765 ..     635     770 .. 0.64

>> PAS_3  PAS fold
   #    score  bias  c-Evalue  i-Evalue hmmfrom  hmm to    alifrom  ali to    envfrom  env to     acc
 ---   ------ ----- --------- --------- ------- -------    ------- -------    ------- -------    ----
   1 !    7.2   0.2    0.0078        10      13      36 ..     251     274 ..     241     296 .. 0.90
   2 !    7.9   0.0    0.0046         6      13      36 ..     762     785 ..     756     788 .. 0.92

>> Peptidase_S32  Equine arteritis virus serine endopeptidase S32
   #    score  bias  c-Evalue  i-Evalue hmmfrom  hmm to    alifrom  ali to    envfrom  env to     acc
 ---   ------ ----- --------- --------- ------- -------    ------- -------    ------- -------    ----
   1 ?    9.2   6.3   0.00081       1.1     124     236 ..      29     155 ..       8     167 .. 0.61
   2 ?    7.7   0.1    0.0023         3     210     240 ..     633     664 ..     628     677 .. 0.80

>> DUF8606  Domain of unknown function (DUF8606)
   #    score  bias  c-Evalue  i-Evalue hmmfrom  hmm to    alifrom  ali to    envfrom  env to     acc
 ---   ------ ----- --------- --------- ------- -------    ------- -------    ------- -------    ----
   1 ?    7.6   0.1    0.0063       8.2      39      96 ..     136     195 ..     132     202 .. 0.75
   2 ?    5.7   0.0     0.024        31      39      83 ..     641     685 ..     637     706 .. 0.80

>> Peptidase_S29  Hepatitis C virus NS3 protease
   #    score  bias  c-Evalue  i-Evalue hmmfrom  hmm to    alifrom  ali to    envfrom  env to     acc
 ---   ------ ----- --------- --------- ------- -------    ------- -------    ------- -------    ----
   1 ?   13.0   0.2   8.3e-05      0.11      47     128 ..      60     146 ..      24     161 .. 0.76
   2 ?    1.6   0.1      0.27   3.5e+02     109     128 ..     632     651 ..     627     663 .. 0.84

>> DUF6461  Family of unknown function (DUF6461)
   #    score  bias  c-Evalue  i-Evalue hmmfrom  hmm to    alifrom  ali to    envfrom  env to     acc
 ---   ------ ----- --------- --------- ------- -------    ------- -------    ------- -------    ----
   1 ?   -3.4   0.0       6.7   8.7e+03      59      96 ..      92     128 ..      51     132 .. 0.58
   2 ?    8.8   0.1    0.0012       1.6       9      64 ..     238     292 ..     233     303 .. 0.89
   3 ?    5.2   0.1     0.015        20       9      64 ..     749     803 ..     744     815 .. 0.88

>> Menorin_N  Menorin N-terminal domain
   #    score  bias  c-Evalue  i-Evalue hmmfrom  hmm to    alifrom  ali to    envfrom  env to     acc
 ---   ------ ----- --------- --------- ------- -------    ------- -------    ------- -------    ----
   1 ?    6.3   0.1    0.0075       9.8     145     176 ..     238     269 ..     236     302 .. 0.73
   2 ?    5.3   0.1     0.015        20     145     171 ..     749     775 ..     747     791 .. 0.86

>> DUF4901  YcdB, YcdC repeated domain
   #    score  bias  c-Evalue  i-Evalue hmmfrom  hmm to    alifrom  ali to    envfrom  env to     acc
 ---   ------ ----- --------- --------- ------- -------    ------- -------    ------- -------    ----
   1 ?    6.0   0.1     0.015        20      68      97 ..     244     273 ..     234     294 .. 0.83
   2 ?    6.4   0.1     0.012        15      66      97 ..     753     784 ..     745     807 .. 0.82

>> CC4_CEP85  Centrosomal protein of 85 kDa-like, CC4 coiled-coil domain
   #    score  bias  c-Evalue  i-Evalue hmmfrom  hmm to    alifrom  ali to    envfrom  env to     acc
 ---   ------ ----- --------- --------- ------- -------    ------- -------    ------- -------    ----
   1 ?    8.4   0.1    0.0036       4.7      47      71 ..     154     178 ..     150     193 .. 0.84
   2 ?    2.8   0.0       0.2   2.6e+02      47      70 ..     659     682 ..     655     687 .. 0.88

>> Flu_B_M2  Influenza B matrix protein 2 (BM2)
   #    score  bias  c-Evalue  i-Evalue hmmfrom  hmm to    alifrom  ali to    envfrom  env to     acc
 ---   ------ ----- --------- --------- ------- -------    ------- -------    ------- -------    ----
   1 ?    5.4   0.0     0.028        36      41      61 ..     196     216 ..     186     228 .. 0.84
   2 ?    5.3   0.0      0.03        39      30      69 ..     695     733 ..     688     739 .. 0.77

>> Phage_T7_Capsid  Phage T7 capsid assembly protein
   #    score  bias  c-Evalue  i-Evalue hmmfrom  hmm to    alifrom  ali to    envfrom  env to     acc
 ---   ------ ----- --------- --------- ------- -------    ------- -------    ------- -------    ----
   1 ?    4.4   0.0     0.055        72      37      63 ..     241     267 ..     234     281 .. 0.83
   2 ?    4.2   0.0     0.061        80      37      62 ..     752     777 ..     745     790 .. 0.83

>> Dec-1  Dec-1 repeat
   #    score  bias  c-Evalue  i-Evalue hmmfrom  hmm to    alifrom  ali to    envfrom  env to     acc
 ---   ------ ----- --------- --------- ------- -------    ------- -------    ------- -------    ----
   1 ?    4.1   0.3     0.053        70       9      22 ..     237     250 ..     235     253 .. 0.88
   2 ?    8.4   0.2    0.0024       3.1       9      22 ..     748     761 ..     746     764 .. 0.90

>> CBS  CBS domain
   #    score  bias  c-Evalue  i-Evalue hmmfrom  hmm to    alifrom  ali to    envfrom  env to     acc
 ---   ------ ----- --------- --------- ------- -------    ------- -------    ------- -------    ----
   1 ?    7.1   0.0    0.0087        11      21      45 ..     120     142 ..     113     142 .. 0.89
   2 ?    2.9   0.1      0.19   2.5e+02      31      45 ..     633     647 ..     631     647 .. 0.91

>> HTH_54  ParA helix turn helix domain
   #    score  bias  c-Evalue  i-Evalue hmmfrom  hmm to    alifrom  ali to    envfrom  env to     acc
 ---   ------ ----- --------- --------- ------- -------    ------- -------    ------- -------    ----
   1 ?    8.2   0.3    0.0034       4.5       9      58 ..     205     254 ..     198     263 .. 0.88
   2 ?    3.9   0.2     0.073        96      16      58 ..     723     765 ..     711     774 .. 0.82

>> Cytochrom_C1  Cytochrome C1 family
   #    score  bias  c-Evalue  i-Evalue hmmfrom  hmm to    alifrom  ali to    envfrom  env to     acc
 ---   ------ ----- --------- --------- ------- -------    ------- -------    ------- -------    ----
   1 ?    5.6   0.1     0.014        19      36      69 ..     243     276 ..     240     283 .. 0.84
   2 ?    4.1   0.1     0.041        54      36      69 ..     754     787 ..     751     795 .. 0.84

>> DUF8416  Family of unknown function (DUF8416)
   #    score  bias  c-Evalue  i-Evalue hmmfrom  hmm to    alifrom  ali to    envfrom  env to     acc
 ---   ------ ----- --------- --------- ------- -------    ------- -------    ------- -------    ----
   1 ?    8.5   0.6    0.0047       6.2      32      79 ..     239     288 ..     214     322 .. 0.70
   2 ?    4.5   0.4     0.083   1.1e+02      33      79 ..     751     799 ..     729     828 .. 0.70

>> Docking  Erythronolide synthase docking domain
   #    score  bias  c-Evalue  i-Evalue hmmfrom  hmm to    alifrom  ali to    envfrom  env to     acc
 ---   ------ ----- --------- --------- ------- -------    ------- -------    ------- -------    ----
   1 ?    5.4   1.0      0.02        27      16      29 .]     166     179 ..     165     179 .. 0.91
   2 ?    7.1   3.3     0.006       7.8      15      29 .]     670     684 ..     670     684 .. 0.91

>> DUF29  Domain of unknown function DUF29
   #    score  bias  c-Evalue  i-Evalue hmmfrom  hmm to    alifrom  ali to    envfrom  env to     acc
 ---   ------ ----- --------- --------- ------- -------    ------- -------    ------- -------    ----
   1 ?   -1.0   0.1       2.4   3.2e+03      71      97 ..     164     190 ..     157     217 .. 0.73
   2 ?    6.4   0.2     0.013        17       7      35 ..     237     265 ..     234     274 .. 0.90
   3 ?   -2.6   0.0       7.3   9.5e+03      71     100 ..     669     698 ..     664     721 .. 0.74
   4 ?    5.3   0.1     0.027        35       7      35 ..     748     776 ..     745     785 .. 0.90

>> Gal4_dimer  Gal4-like dimerisation domain
   #    score  bias  c-Evalue  i-Evalue hmmfrom  hmm to    alifrom  ali to    envfrom  env to     acc
 ---   ------ ----- --------- --------- ------- -------    ------- -------    ------- -------    ----
   1 ?    4.5   0.3     0.051        67      16      31 ..     262     277 ..     255     278 .. 0.91
   2 ?    3.9   0.7     0.079     1e+02      16      31 ..     773     788 ..     767     788 .. 0.92

>> Pox_A_type_inc  Viral A-type inclusion protein repeat
   #    score  bias  c-Evalue  i-Evalue hmmfrom  hmm to    alifrom  ali to    envfrom  env to     acc
 ---   ------ ----- --------- --------- ------- -------    ------- -------    ------- -------    ----
   1 ?    3.2   3.1      0.11   1.5e+02       2      14 ..     166     178 ..     165     179 .. 0.95
   2 ?    8.3   4.5    0.0027       3.5       1      14 [.     670     683 ..     670     685 .. 0.93



Internal pipeline statistics summary:
-------------------------------------
Query sequence(s):                         1  (933 residues searched)
Target model(s):                       30134  (4754065 nodes)
Passed MSV filter:                      1295  (0.0429747); expected 602.7 (0.02)
Passed bias filter:                      695  (0.0230636); expected 602.7 (0.02)
Passed Vit filter:                        82  (0.00272118); expected 30.1 (0.001)
Passed Fwd filter:                        30  (0.000995553); expected 0.3 (1e-05)
Initial search space (Z):              30134  [actual number of targets]
Domain search space  (domZ):              23  [number of targets reported over threshold]
# CPU time: 0.47u 0.19s 00:00:00.65 Elapsed: 00:00:00.83
# Mc/sec: 5322.50
//
Query:       PP711869.1_2  [L=234]
Description: # 2808 # 3509 # 1 # ID=26_2;partial=00;start_type=ATG;rbs_motif=None;rbs_spacer=None;genetic_code=15;gc_cont=0.667
Scores for complete sequence (score includes all domains):
   --- full sequence ---   --- best 1 domain ---    -#dom-
    E-value  score  bias    E-value  score  bias    exp  N  Model    Description
    ------- ------ -----    ------- ------ -----   ---- --  -------- -----------

   [No hits detected that satisfy reporting thresholds]


Domain annotation for each model:

   [No targets detected that satisfy reporting thresholds]


Internal pipeline statistics summary:
-------------------------------------
Query sequence(s):                         1  (234 residues searched)
Target model(s):                       30134  (4754065 nodes)
Passed MSV filter:                       170  (0.00564147); expected 602.7 (0.02)
Passed bias filter:                      159  (0.00527643); expected 602.7 (0.02)
Passed Vit filter:                        12  (0.000398221); expected 30.1 (0.001)
Passed Fwd filter:                         0  (0); expected 0.3 (1e-05)
Initial search space (Z):              30134  [actual number of targets]
Domain search space  (domZ):               0  [number of targets reported over threshold]
# CPU time: 0.19u 0.14s 00:00:00.33 Elapsed: 00:00:00.42
# Mc/sec: 2630.60
//
Query:       PP711869.1_3  [L=699]
Description: # 3799 # 5895 # 1 # ID=26_3;partial=00;start_type=ATG;rbs_motif=GGA/GAG/AGG;rbs_spacer=5-10bp;genetic_code=15;gc_cont=0.547
Scores for complete sequence (score includes all domains):
   --- full sequence ---   --- best 1 domain ---    -#dom-
    E-value  score  bias    E-value  score  bias    exp  N  Model          Description
    ------- ------ -----    ------- ------ -----   ---- --  --------       -----------
    3.4e-58  197.6   0.1    2.4e-57  194.9   0.0    1.9  2  Astro_capsid_N  Astrovirus capsid protein nucleoplasmin-like 
    3.9e-05   23.3   0.0      0.012   15.1   0.0    2.1  2  RdRP_1          Viral RNA-dependent RNA polymerase
    0.00061   20.6   0.2    0.00096   20.0   0.2    1.3  1  SP2_M           Structural protein 2 second domain
  ------ inclusion threshold ------
       0.03   14.9   0.1       0.11   13.0   0.0    1.8  2  Viral_coat      Viral coat protein (S domain)


Domain annotation for each model:
>> Astro_capsid_N  Astrovirus capsid protein nucleoplasmin-like domain
   #    score  bias  c-Evalue  i-Evalue hmmfrom  hmm to    alifrom  ali to    envfrom  env to     acc
 ---   ------ ----- --------- --------- ------- -------    ------- -------    ------- -------    ----
   1 !  194.9   0.0   3.1e-61   2.4e-57      45     249 .]     310     508 ..     296     508 .. 0.96
   2 ?    0.3   0.1      0.08   6.1e+02     150     197 ..     554     603 ..     520     610 .. 0.71

>> RdRP_1  Viral RNA-dependent RNA polymerase
   #    score  bias  c-Evalue  i-Evalue hmmfrom  hmm to    alifrom  ali to    envfrom  env to     acc
 ---   ------ ----- --------- --------- ------- -------    ------- -------    ------- -------    ----
   1 !    6.4   0.0    0.0007       5.3     330     363 ..      28      61 ..       2      71 .. 0.87
   2 !   15.1   0.0   1.6e-06     0.012     353     400 ..      70     116 ..      62     121 .. 0.88

>> SP2_M  Structural protein 2 second domain
   #    score  bias  c-Evalue  i-Evalue hmmfrom  hmm to    alifrom  ali to    envfrom  env to     acc
 ---   ------ ----- --------- --------- ------- -------    ------- -------    ------- -------    ----
   1 !   20.0   0.2   1.3e-07   0.00096      20     116 ..     541     634 ..     522     653 .. 0.69

>> Viral_coat  Viral coat protein (S domain)
   #    score  bias  c-Evalue  i-Evalue hmmfrom  hmm to    alifrom  ali to    envfrom  env to     acc
 ---   ------ ----- --------- --------- ------- -------    ------- -------    ------- -------    ----
   1 ?   13.0   0.0   1.5e-05      0.11      55     103 ..     357     406 ..     334     409 .. 0.80
   2 ?   -1.6   0.0      0.45   3.4e+03      15      38 ..     627     650 ..     616     671 .. 0.80



Internal pipeline statistics summary:
-------------------------------------
Query sequence(s):                         1  (699 residues searched)
Target model(s):                       30134  (4754065 nodes)
Passed MSV filter:                       379  (0.0125772); expected 602.7 (0.02)
Passed bias filter:                      330  (0.0109511); expected 602.7 (0.02)
Passed Vit filter:                        21  (0.000696887); expected 30.1 (0.001)
Passed Fwd filter:                         4  (0.00013274); expected 0.3 (1e-05)
Initial search space (Z):              30134  [actual number of targets]
Domain search space  (domZ):               4  [number of targets reported over threshold]
# CPU time: 0.30u 0.13s 00:00:00.43 Elapsed: 00:00:00.54
# Mc/sec: 6123.33
//
Query:       PP173657.1_1  [L=2186]
Description: # 29 # 6586 # -1 # ID=27_1;partial=01;start_type=Edge;rbs_motif=None;rbs_spacer=None;genetic_code=11;gc_cont=0.411
Scores for complete sequence (score includes all domains):
   --- full sequence ---   --- best 1 domain ---    -#dom-
    E-value  score  bias    E-value  score  bias    exp  N  Model         Description
    ------- ------ -----    ------- ------ -----   ---- --  --------      -----------
    1.2e-22   81.0   0.2      2e-22   80.2   0.2    1.3  1  RdRP_1         Viral RNA-dependent RNA polymerase
    0.00048   20.8   0.4    0.00048   20.8   0.4    2.4  3  Peptidase_C3   3C cysteine protease (picornain 3C)
    0.00063   21.2   0.1     0.0021   19.5   0.1    2.0  1  Trypsin_2      Trypsin-like peptidase domain
     0.0034   17.3   2.2       0.01   15.7   2.2    1.7  1  Peptidase_A6   Peptidase A6 family
     0.0041   17.0   0.3      0.011   15.6   0.3    1.7  1  Peptidase_C62  Gill-associated viral 3C-like peptidase
  ------ inclusion threshold ------
        0.2   12.3   0.1       0.49   11.0   0.1    1.7  1  CCTL2_WNK      WNK CCTL2 domain


Domain annotation for each model:
>> RdRP_1  Viral RNA-dependent RNA polymerase
   #    score  bias  c-Evalue  i-Evalue hmmfrom  hmm to    alifrom  ali to    envfrom  env to     acc
 ---   ------ ----- --------- --------- ------- -------    ------- -------    ------- -------    ----
   1 !   80.2   0.2     4e-26     2e-22      86     442 ..    1280    1614 ..    1253    1622 .. 0.85

>> Peptidase_C3  3C cysteine protease (picornain 3C)
   #    score  bias  c-Evalue  i-Evalue hmmfrom  hmm to    alifrom  ali to    envfrom  env to     acc
 ---   ------ ----- --------- --------- ------- -------    ------- -------    ------- -------    ----
   1 ?   -2.2   0.0       1.2     6e+03      98     135 ..     392     430 ..     371     452 .. 0.69
   2 !   20.8   0.4   9.7e-08   0.00048     133     165 ..    1093    1126 ..    1068    1127 .. 0.85
   3 ?   -2.9   0.2       1.9   9.4e+03      73      94 ..    2156    2177 ..    2155    2183 .. 0.81

>> Trypsin_2  Trypsin-like peptidase domain
   #    score  bias  c-Evalue  i-Evalue hmmfrom  hmm to    alifrom  ali to    envfrom  env to     acc
 ---   ------ ----- --------- --------- ------- -------    ------- -------    ------- -------    ----
   1 !   19.5   0.1   4.3e-07    0.0021      13     145 .]    1001    1121 ..     988    1121 .. 0.73

>> Peptidase_A6  Peptidase A6 family
   #    score  bias  c-Evalue  i-Evalue hmmfrom  hmm to    alifrom  ali to    envfrom  env to     acc
 ---   ------ ----- --------- --------- ------- -------    ------- -------    ------- -------    ----
   1 !   15.7   2.2   2.1e-06      0.01     111     344 ..    1828    2073 ..    1765    2078 .. 0.65

>> Peptidase_C62  Gill-associated viral 3C-like peptidase
   #    score  bias  c-Evalue  i-Evalue hmmfrom  hmm to    alifrom  ali to    envfrom  env to     acc
 ---   ------ ----- --------- --------- ------- -------    ------- -------    ------- -------    ----
   1 !   15.6   0.3   2.2e-06     0.011     136     177 ..    1097    1139 ..    1083    1149 .. 0.84

>> CCTL2_WNK  WNK CCTL2 domain
   #    score  bias  c-Evalue  i-Evalue hmmfrom  hmm to    alifrom  ali to    envfrom  env to     acc
 ---   ------ ----- --------- --------- ------- -------    ------- -------    ------- -------    ----
   1 ?   11.0   0.1   9.7e-05      0.49      31      72 ..     668     709 ..     667     711 .. 0.92



Internal pipeline statistics summary:
-------------------------------------
Query sequence(s):                         1  (2186 residues searched)
Target model(s):                       30134  (4754065 nodes)
Passed MSV filter:                       906  (0.0300657); expected 602.7 (0.02)
Passed bias filter:                      701  (0.0232628); expected 602.7 (0.02)
Passed Vit filter:                        70  (0.00232296); expected 30.1 (0.001)
Passed Fwd filter:                         7  (0.000232296); expected 0.3 (1e-05)
Initial search space (Z):              30134  [actual number of targets]
Domain search space  (domZ):               6  [number of targets reported over threshold]
# CPU time: 0.83u 0.13s 00:00:00.96 Elapsed: 00:00:01.26
# Mc/sec: 8207.98
//
Query:       PP172843.1_1  [L=3001]
Description: # 71 # 9073 # -1 # ID=28_1;partial=00;start_type=ATG;rbs_motif=None;rbs_spacer=None;genetic_code=11;gc_cont=0.386
Scores for complete sequence (score includes all domains):
   --- full sequence ---   --- best 1 domain ---    -#dom-
    E-value  score  bias    E-value  score  bias    exp  N  Model           Description
    ------- ------ -----    ------- ------ -----   ---- --  --------        -----------
      3e-22   79.7   0.5    5.2e-22   78.9   0.5    1.3  1  RdRP_1           Viral RNA-dependent RNA polymerase
  ------ inclusion threshold ------
      0.017   15.6   0.7        1.4    9.4   0.1    2.8  2  DUF6715          Domain of unknown function (DUF6715)
      0.027   15.1   0.6        1.7    9.3   0.2    2.7  2  FixQ             Cbb3-type cytochrome oxidase component FixQ
      0.064   13.8   1.5         13    6.4   0.0    3.5  3  Epiregulin_C     Epiregulin C-terminal domain
      0.072   13.7   0.0       0.27   11.8   0.0    2.0  1  Peptidase_S7     Peptidase S7, Flavivirus NS3 serine protease
       0.22   12.9   0.0       0.52   11.8   0.0    1.6  1  Trypsin_2        Trypsin-like peptidase domain
        0.3   11.7   0.1         39    4.9   0.0    3.4  3  DUF4307          Domain of unknown function (DUF4307)
       0.85    9.9   2.3          1    9.7   0.7    1.9  2  Cytochrom_C_asm  Cytochrome C assembly protein


Domain annotation for each model:
>> RdRP_1  Viral RNA-dependent RNA polymerase
   #    score  bias  c-Evalue  i-Evalue hmmfrom  hmm to    alifrom  ali to    envfrom  env to     acc
 ---   ------ ----- --------- --------- ------- -------    ------- -------    ------- -------    ----
   1 !   78.9   0.5   1.4e-25   5.2e-22      32     425 ..    2020    2402 ..    2001    2434 .. 0.84

>> DUF6715  Domain of unknown function (DUF6715)
   #    score  bias  c-Evalue  i-Evalue hmmfrom  hmm to    alifrom  ali to    envfrom  env to     acc
 ---   ------ ----- --------- --------- ------- -------    ------- -------    ------- -------    ----
   1 ?    9.4   0.1   0.00038       1.4       2      39 ..    1201    1238 ..    1200    1262 .. 0.86
   2 ?    3.4   0.1     0.025        96      10      39 ..    1436    1465 ..    1428    1480 .. 0.61

>> FixQ  Cbb3-type cytochrome oxidase component FixQ
   #    score  bias  c-Evalue  i-Evalue hmmfrom  hmm to    alifrom  ali to    envfrom  env to     acc
 ---   ------ ----- --------- --------- ------- -------    ------- -------    ------- -------    ----
   1 ?    2.9   0.0     0.047   1.8e+02      12      40 ..    1210    1239 ..    1205    1241 .. 0.78
   2 ?    9.3   0.2   0.00046       1.7      13      35 ..    1437    1460 ..    1435    1467 .. 0.84

>> Epiregulin_C  Epiregulin C-terminal domain
   #    score  bias  c-Evalue  i-Evalue hmmfrom  hmm to    alifrom  ali to    envfrom  env to     acc
 ---   ------ ----- --------- --------- ------- -------    ------- -------    ------- -------    ----
   1 ?    4.2   0.1     0.017        64      15      36 ..    1215    1236 ..    1210    1240 .. 0.67
   2 ?    6.4   0.0    0.0035        13      14      37 ..    1440    1463 ..    1437    1470 .. 0.85
   3 ?   -1.6   0.0         1   3.9e+03      22      35 ..    2751    2764 ..    2748    2769 .. 0.77

>> Peptidase_S7  Peptidase S7, Flavivirus NS3 serine protease
   #    score  bias  c-Evalue  i-Evalue hmmfrom  hmm to    alifrom  ali to    envfrom  env to     acc
 ---   ------ ----- --------- --------- ------- -------    ------- -------    ------- -------    ----
   1 ?   11.8   0.0   7.1e-05      0.27      83     120 ..    1876    1913 ..    1841    1918 .. 0.85

>> Trypsin_2  Trypsin-like peptidase domain
   #    score  bias  c-Evalue  i-Evalue hmmfrom  hmm to    alifrom  ali to    envfrom  env to     acc
 ---   ------ ----- --------- --------- ------- -------    ------- -------    ------- -------    ----
   1 ?   11.8   0.0   0.00014      0.52      85     142 ..    1855    1902 ..    1769    1904 .. 0.65

>> DUF4307  Domain of unknown function (DUF4307)
   #    score  bias  c-Evalue  i-Evalue hmmfrom  hmm to    alifrom  ali to    envfrom  env to     acc
 ---   ------ ----- --------- --------- ------- -------    ------- -------    ------- -------    ----
   1 ?   -0.2   0.0       0.4   1.5e+03       2      49 ..    1263    1310 ..    1262    1312 .. 0.87
   2 ?    1.5   0.0      0.12   4.4e+02       7      38 ..    1436    1467 ..    1431    1473 .. 0.60
   3 ?    4.9   0.0      0.01        39      43      84 ..    2763    2804 ..    2747    2811 .. 0.87

>> Cytochrom_C_asm  Cytochrome C assembly protein
   #    score  bias  c-Evalue  i-Evalue hmmfrom  hmm to    alifrom  ali to    envfrom  env to     acc
 ---   ------ ----- --------- --------- ------- -------    ------- -------    ------- -------    ----
   1 ?    9.7   0.7   0.00026         1     174     209 ..    1194    1229 ..    1183    1234 .. 0.85
   2 ?   -2.2   0.0       1.1   4.3e+03      85     105 ..    1436    1456 ..    1425    1499 .. 0.58



Internal pipeline statistics summary:
-------------------------------------
Query sequence(s):                         1  (3001 residues searched)
Target model(s):                       30134  (4754065 nodes)
Passed MSV filter:                      1839  (0.0610274); expected 602.7 (0.02)
Passed bias filter:                     1037  (0.034413); expected 602.7 (0.02)
Passed Vit filter:                       106  (0.00351762); expected 30.1 (0.001)
Passed Fwd filter:                         8  (0.000265481); expected 0.3 (1e-05)
Initial search space (Z):              30134  [actual number of targets]
Domain search space  (domZ):               8  [number of targets reported over threshold]
# CPU time: 1.13u 0.17s 00:00:01.29 Elapsed: 00:00:01.66
# Mc/sec: 8562.65
//
Query:       OR613288.1_1  [L=600]
Description: # 1 # 1800 # 1 # ID=29_1;partial=11;start_type=Edge;rbs_motif=None;rbs_spacer=None;genetic_code=11;gc_cont=0.459
Scores for complete sequence (score includes all domains):
   --- full sequence ---   --- best 1 domain ---    -#dom-
    E-value  score  bias    E-value  score  bias    exp  N  Model          Description
    ------- ------ -----    ------- ------ -----   ---- --  --------       -----------
    4.6e-56  190.7   0.0    4.6e-56  190.7   0.0    1.5  2  Astro_capsid_N  Astrovirus capsid protein nucleoplasmin-like 
    3.7e-34  118.9   0.1      5e-34  118.5   0.1    1.1  1  RdRP_1          Viral RNA-dependent RNA polymerase


Domain annotation for each model:
>> Astro_capsid_N  Astrovirus capsid protein nucleoplasmin-like domain
   #    score  bias  c-Evalue  i-Evalue hmmfrom  hmm to    alifrom  ali to    envfrom  env to     acc
 ---   ------ ----- --------- --------- ------- -------    ------- -------    ------- -------    ----
   1 ?   -4.3   1.2         1   1.5e+04      28      50 ..     313     335 ..     298     339 .. 0.53
   2 !  190.7   0.0   3.1e-60   4.6e-56      43     249 .]     354     554 ..     343     554 .. 0.96

>> RdRP_1  Viral RNA-dependent RNA polymerase
   #    score  bias  c-Evalue  i-Evalue hmmfrom  hmm to    alifrom  ali to    envfrom  env to     acc
 ---   ------ ----- --------- --------- ------- -------    ------- -------    ------- -------    ----
   1 !  118.5   0.1   3.3e-38     5e-34     214     398 ..       3     191 ..       1     197 [. 0.90



Internal pipeline statistics summary:
-------------------------------------
Query sequence(s):                         1  (600 residues searched)
Target model(s):                       30134  (4754065 nodes)
Passed MSV filter:                       650  (0.0215703); expected 602.7 (0.02)
Passed bias filter:                      561  (0.0186168); expected 602.7 (0.02)
Passed Vit filter:                        39  (0.00129422); expected 30.1 (0.001)
Passed Fwd filter:                         2  (6.63702e-05); expected 0.3 (1e-05)
Initial search space (Z):              30134  [actual number of targets]
Domain search space  (domZ):               2  [number of targets reported over threshold]
# CPU time: 0.30u 0.17s 00:00:00.47 Elapsed: 00:00:00.70
# Mc/sec: 4039.97
//
Query:       OP272633.1_1  [L=854]
Description: # 1 # 2562 # 1 # ID=30_1;partial=10;start_type=Edge;rbs_motif=None;rbs_spacer=None;genetic_code=11;gc_cont=0.412
Scores for complete sequence (score includes all domains):
   --- full sequence ---   --- best 1 domain ---    -#dom-
    E-value  score  bias    E-value  score  bias    exp  N  Model     Description
    ------- ------ -----    ------- ------ -----   ---- --  --------  -----------
     0.0002   22.8   0.1     0.0011   20.4   0.0    2.2  1  Trypsin_2  Trypsin-like peptidase domain
  ------ inclusion threshold ------
      0.086   13.8   2.2       0.27   12.2   2.2    1.8  1  CFSR       Collagen-flanked surface repeat
        0.1   13.3   0.0         55    4.5   0.0    3.2  3  PIMT_C     Protein-L-isoaspartyl O-methyltransferase, C-termi
       0.21   12.1   1.4        2.1    8.8   1.4    2.1  1  Trypsin    Trypsin


Domain annotation for each model:
>> Trypsin_2  Trypsin-like peptidase domain
   #    score  bias  c-Evalue  i-Evalue hmmfrom  hmm to    alifrom  ali to    envfrom  env to     acc
 ---   ------ ----- --------- --------- ------- -------    ------- -------    ------- -------    ----
   1 !   20.4   0.0   1.5e-07    0.0011       2     145 .]     648     774 ..     637     774 .. 0.81

>> CFSR  Collagen-flanked surface repeat
   #    score  bias  c-Evalue  i-Evalue hmmfrom  hmm to    alifrom  ali to    envfrom  env to     acc
 ---   ------ ----- --------- --------- ------- -------    ------- -------    ------- -------    ----
   1 ?   12.2   2.2   3.5e-05      0.27      20      34 ..     589     603 ..     586     609 .. 0.90

>> PIMT_C  Protein-L-isoaspartyl O-methyltransferase, C-terminal domain
   #    score  bias  c-Evalue  i-Evalue hmmfrom  hmm to    alifrom  ali to    envfrom  env to     acc
 ---   ------ ----- --------- --------- ------- -------    ------- -------    ------- -------    ----
   1 ?    4.5   0.0    0.0075        57      51      74 ..      20      43 ..       6      49 .. 0.80
   2 ?   -1.3   0.0      0.47   3.5e+03      59      99 ..     181     221 ..     175     225 .. 0.78
   3 ?    4.5   0.0    0.0073        55      51      74 ..     265     288 ..     250     294 .. 0.80

>> Trypsin  Trypsin
   #    score  bias  c-Evalue  i-Evalue hmmfrom  hmm to    alifrom  ali to    envfrom  env to     acc
 ---   ------ ----- --------- --------- ------- -------    ------- -------    ------- -------    ----
   1 ?    8.8   1.4   0.00027       2.1      35     198 ..     656     778 ..     655     792 .. 0.60



Internal pipeline statistics summary:
-------------------------------------
Query sequence(s):                         1  (854 residues searched)
Target model(s):                       30134  (4754065 nodes)
Passed MSV filter:                      2855  (0.0947435); expected 602.7 (0.02)
Passed bias filter:                     1108  (0.0367691); expected 602.7 (0.02)
Passed Vit filter:                       113  (0.00374992); expected 30.1 (0.001)
Passed Fwd filter:                         6  (0.000199111); expected 0.3 (1e-05)
Initial search space (Z):              30134  [actual number of targets]
Domain search space  (domZ):               4  [number of targets reported over threshold]
# CPU time: 0.62u 0.16s 00:00:00.78 Elapsed: 00:00:01.11
# Mc/sec: 3625.19
//
Query:       OP272633.1_2  [L=832]
Description: # 2559 # 5054 # 1 # ID=30_2;partial=00;start_type=TTG;rbs_motif=None;rbs_spacer=None;genetic_code=11;gc_cont=0.385
Scores for complete sequence (score includes all domains):
   --- full sequence ---   --- best 1 domain ---    -#dom-
    E-value  score  bias    E-value  score  bias    exp  N  Model          Description
    ------- ------ -----    ------- ------ -----   ---- --  --------       -----------
      1e-62  213.0   1.6    1.9e-62  212.2   1.6    1.4  1  RdRP_1          Viral RNA-dependent RNA polymerase
    4.1e-28   99.0   6.2    1.3e-27   97.4   6.2    1.9  1  Astro_VPg       Astrovirus VPg protein
    0.00029   22.3   0.0     0.0012   20.3   0.0    2.0  1  Trypsin_2       Trypsin-like peptidase domain
  ------ inclusion threshold ------
      0.039   13.6   0.3       0.07   12.8   0.3    1.4  1  crAss_CARGO2    Crassvirus Cargo protein 2
      0.074   13.1   0.1       0.21   11.7   0.0    1.7  2  vATP-synt_AC39  ATP synthase (C/AC39) subunit
      0.089   13.3   0.0       0.29   11.6   0.0    1.9  1  RNA_pol_Rpb5_C  RNA polymerase Rpb5, C-terminal domain
       0.18   12.6   8.3          3    8.7   0.1    3.5  3  cwf21           cwf21 domain
       0.19   12.2   1.4        1.9    8.9   1.4    2.3  1  Trypsin         Trypsin
       0.39   11.1   1.0       0.91   10.0   1.0    1.6  1  TSP_3           Thrombospondin type 3 repeat


Domain annotation for each model:
>> RdRP_1  Viral RNA-dependent RNA polymerase
   #    score  bias  c-Evalue  i-Evalue hmmfrom  hmm to    alifrom  ali to    envfrom  env to     acc
 ---   ------ ----- --------- --------- ------- -------    ------- -------    ------- -------    ----
   1 !  212.2   1.6   5.6e-66   1.9e-62      27     449 ..     372     804 ..     351     805 .. 0.87

>> Astro_VPg  Astrovirus VPg protein
   #    score  bias  c-Evalue  i-Evalue hmmfrom  hmm to    alifrom  ali to    envfrom  env to     acc
 ---   ------ ----- --------- --------- ------- -------    ------- -------    ------- -------    ----
   1 !   97.4   6.2     4e-31   1.3e-27       1     103 [.     215     308 ..     215     312 .. 0.95

>> Trypsin_2  Trypsin-like peptidase domain
   #    score  bias  c-Evalue  i-Evalue hmmfrom  hmm to    alifrom  ali to    envfrom  env to     acc
 ---   ------ ----- --------- --------- ------- -------    ------- -------    ------- -------    ----
   1 !   20.3   0.0   3.6e-07    0.0012       2     145 .]       6     132 ..       5     132 .. 0.80

>> crAss_CARGO2  Crassvirus Cargo protein 2
   #    score  bias  c-Evalue  i-Evalue hmmfrom  hmm to    alifrom  ali to    envfrom  env to     acc
 ---   ------ ----- --------- --------- ------- -------    ------- -------    ------- -------    ----
   1 ?   12.8   0.3   2.1e-05      0.07     182     242 ..     246     305 ..     215     311 .. 0.82

>> vATP-synt_AC39  ATP synthase (C/AC39) subunit
   #    score  bias  c-Evalue  i-Evalue hmmfrom  hmm to    alifrom  ali to    envfrom  env to     acc
 ---   ------ ----- --------- --------- ------- -------    ------- -------    ------- -------    ----
   1 ?   -3.2   0.0       2.1     7e+03     136     174 ..     163     201 ..     155     224 .. 0.62
   2 ?   11.7   0.0   6.2e-05      0.21       6      53 ..     241     291 ..     237     306 .. 0.83

>> RNA_pol_Rpb5_C  RNA polymerase Rpb5, C-terminal domain
   #    score  bias  c-Evalue  i-Evalue hmmfrom  hmm to    alifrom  ali to    envfrom  env to     acc
 ---   ------ ----- --------- --------- ------- -------    ------- -------    ------- -------    ----
   1 ?   11.6   0.0   8.7e-05      0.29      20      50 ..     502     532 ..     501     535 .. 0.93

>> cwf21  cwf21 domain
   #    score  bias  c-Evalue  i-Evalue hmmfrom  hmm to    alifrom  ali to    envfrom  env to     acc
 ---   ------ ----- --------- --------- ------- -------    ------- -------    ------- -------    ----
   1 ?    4.4   0.1     0.019        65      25      40 ..     177     192 ..     164     194 .. 0.80
   2 ?    8.7   0.1   0.00089         3      20      40 ..     256     276 ..     251     278 .. 0.87
   3 ?    2.2   0.9     0.091     3e+02      18      41 ..     297     320 ..     296     322 .. 0.78

>> Trypsin  Trypsin
   #    score  bias  c-Evalue  i-Evalue hmmfrom  hmm to    alifrom  ali to    envfrom  env to     acc
 ---   ------ ----- --------- --------- ------- -------    ------- -------    ------- -------    ----
   1 ?    8.9   1.4   0.00057       1.9      35     198 ..      14     136 ..      12     150 .. 0.61

>> TSP_3  Thrombospondin type 3 repeat
   #    score  bias  c-Evalue  i-Evalue hmmfrom  hmm to    alifrom  ali to    envfrom  env to     acc
 ---   ------ ----- --------- --------- ------- -------    ------- -------    ------- -------    ----
   1 ?   10.0   1.0   0.00027      0.91      12      26 ..     282     297 ..     281     298 .. 0.91



Internal pipeline statistics summary:
-------------------------------------
Query sequence(s):                         1  (832 residues searched)
Target model(s):                       30134  (4754065 nodes)
Passed MSV filter:                      1567  (0.0520011); expected 602.7 (0.02)
Passed bias filter:                     1045  (0.0346784); expected 602.7 (0.02)
Passed Vit filter:                        75  (0.00248888); expected 30.1 (0.001)
Passed Fwd filter:                         9  (0.000298666); expected 0.3 (1e-05)
Initial search space (Z):              30134  [actual number of targets]
Domain search space  (domZ):               9  [number of targets reported over threshold]
# CPU time: 0.56u 0.17s 00:00:00.73 Elapsed: 00:00:00.91
# Mc/sec: 4311.17
//
Query:       OP272633.1_3  [L=717]
Description: # 5075 # 7225 # 1 # ID=30_3;partial=00;start_type=ATG;rbs_motif=AGGAG/GGAGG;rbs_spacer=11-12bp;genetic_code=11;gc_cont=0.453
Scores for complete sequence (score includes all domains):
   --- full sequence ---   --- best 1 domain ---    -#dom-
    E-value  score  bias    E-value  score  bias    exp  N  Model           Description
    ------- ------ -----    ------- ------ -----   ---- --  --------        -----------
      5e-91  305.2   0.4      5e-91  305.2   0.4    1.6  2  Astro_capsid_N   Astrovirus capsid protein nucleoplasmin-like
     0.0098   16.7   0.0      0.022   15.6   0.0    1.5  1  SP2_M            Structural protein 2 second domain
  ------ inclusion threshold ------
        0.2   11.8   4.2        1.8    8.7   0.4    2.6  2  Astro_capsid_p2  C-terminal tail of astrovirus capsid project
       0.57   10.0   7.5       0.98    9.2   7.5    1.3  1  CoV_nucleocap    Coronavirus nucleocapsid
        6.3    7.6  15.0         11    6.8  15.0    1.3  1  Transformer      Fruit fly transformer protein


Domain annotation for each model:
>> Astro_capsid_N  Astrovirus capsid protein nucleoplasmin-like domain
   #    score  bias  c-Evalue  i-Evalue hmmfrom  hmm to    alifrom  ali to    envfrom  env to     acc
 ---   ------ ----- --------- --------- ------- -------    ------- -------    ------- -------    ----
   1 !  305.2   0.4   8.2e-95     5e-91       1     249 []      29     272 ..      27     272 .. 0.95
   2 ?   -3.8   0.1       1.8   1.1e+04     188     209 ..     330     353 ..     327     354 .. 0.74

>> SP2_M  Structural protein 2 second domain
   #    score  bias  c-Evalue  i-Evalue hmmfrom  hmm to    alifrom  ali to    envfrom  env to     acc
 ---   ------ ----- --------- --------- ------- -------    ------- -------    ------- -------    ----
   1 !   15.6   0.0   3.6e-06     0.022      52     130 ..     333     413 ..     321     418 .. 0.74

>> Astro_capsid_p2  C-terminal tail of astrovirus capsid projection or spike
   #    score  bias  c-Evalue  i-Evalue hmmfrom  hmm to    alifrom  ali to    envfrom  env to     acc
 ---   ------ ----- --------- --------- ------- -------    ------- -------    ------- -------    ----
   1 ?    8.7   0.4    0.0003       1.8      48      94 ..     480     527 ..     475     537 .. 0.84
   2 ?    3.7   0.3    0.0099        60     210     245 .]     642     676 ..     630     676 .. 0.73

>> CoV_nucleocap  Coronavirus nucleocapsid
   #    score  bias  c-Evalue  i-Evalue hmmfrom  hmm to    alifrom  ali to    envfrom  env to     acc
 ---   ------ ----- --------- --------- ------- -------    ------- -------    ------- -------    ----
   1 ?    9.2   7.5   0.00016      0.98     136     200 ..      19      78 ..       8      98 .. 0.62

>> Transformer  Fruit fly transformer protein
   #    score  bias  c-Evalue  i-Evalue hmmfrom  hmm to    alifrom  ali to    envfrom  env to     acc
 ---   ------ ----- --------- --------- ------- -------    ------- -------    ------- -------    ----
   1 ?    6.8  15.0    0.0018        11      29     114 ..       3      89 ..       2     100 .. 0.64



Internal pipeline statistics summary:
-------------------------------------
Query sequence(s):                         1  (717 residues searched)
Target model(s):                       30134  (4754065 nodes)
Passed MSV filter:                      1162  (0.0385611); expected 602.7 (0.02)
Passed bias filter:                      683  (0.0226654); expected 602.7 (0.02)
Passed Vit filter:                        62  (0.00205748); expected 30.1 (0.001)
Passed Fwd filter:                         6  (0.000199111); expected 0.3 (1e-05)
Initial search space (Z):              30134  [actual number of targets]
Domain search space  (domZ):               5  [number of targets reported over threshold]
# CPU time: 0.37u 0.14s 00:00:00.51 Elapsed: 00:00:00.70
# Mc/sec: 4803.05
//
Query:       ON807348.1_1  [L=1418]
Description: # 1 # 4254 # 1 # ID=31_1;partial=10;start_type=Edge;rbs_motif=None;rbs_spacer=None;genetic_code=11;gc_cont=0.431
Scores for complete sequence (score includes all domains):
   --- full sequence ---   --- best 1 domain ---    -#dom-
    E-value  score  bias    E-value  score  bias    exp  N  Model         Description
    ------- ------ -----    ------- ------ -----   ---- --  --------      -----------
   2.3e-152  506.4  17.3   3.2e-152  505.9  17.3    1.2  1  Astro_1A       Astrovirus transmembrane protein 1A
   2.7e-109  363.0   0.0   4.5e-109  362.3   0.0    1.4  1  Astro_p19      Astrovirus p19 protein
    1.7e-75  253.2   9.4    1.4e-73  247.0   9.4    2.4  1  Astrovir_pp_1  Astroviridae polyprotein 1
      1e-40  139.5   7.6    2.5e-40  138.3   7.6    1.7  1  Astro_VPg      Astrovirus VPg protein
    2.2e-40  139.4   0.0    5.5e-40  138.1   0.0    1.6  2  RdRP_1         Viral RNA-dependent RNA polymerase
    3.9e-13   51.1   0.1    1.1e-12   49.6   0.1    1.8  1  Trypsin_2      Trypsin-like peptidase domain
     0.0064   16.5   0.0      0.012   15.6   0.0    1.4  1  Peptidase_C4   Peptidase family C4
  ------ inclusion threshold ------
      0.016   16.3   0.1      0.044   14.9   0.1    1.7  1  DUF8020        Domain of unknown function (DUF8020)
       0.15   12.7   0.0       0.37   11.4   0.0    1.6  1  Peptidase_C3   3C cysteine protease (picornain 3C)
       0.19   12.9   7.1        2.8    9.2   0.8    2.7  2  ZapB           ZapB family
          1    9.7   3.5        5.3    7.4   0.3    2.3  2  ENTR1          ENTR1


Domain annotation for each model:
>> Astro_1A  Astrovirus transmembrane protein 1A
   #    score  bias  c-Evalue  i-Evalue hmmfrom  hmm to    alifrom  ali to    envfrom  env to     acc
 ---   ------ ----- --------- --------- ------- -------    ------- -------    ------- -------    ----
   1 !  505.9  17.3  1.2e-155  3.2e-152       1     244 []     176     419 ..     176     419 .. 1.00

>> Astro_p19  Astrovirus p19 protein
   #    score  bias  c-Evalue  i-Evalue hmmfrom  hmm to    alifrom  ali to    envfrom  env to     acc
 ---   ------ ----- --------- --------- ------- -------    ------- -------    ------- -------    ----
   1 !  362.3   0.0  1.7e-112  4.5e-109       1     174 []       1     174 [.       1     174 [. 0.99

>> Astrovir_pp_1  Astroviridae polyprotein 1
   #    score  bias  c-Evalue  i-Evalue hmmfrom  hmm to    alifrom  ali to    envfrom  env to     acc
 ---   ------ ----- --------- --------- ------- -------    ------- -------    ------- -------    ----
   1 !  247.0   9.4   5.1e-77   1.4e-73       2     167 ..     759     908 ..     758     912 .. 0.97

>> Astro_VPg  Astrovirus VPg protein
   #    score  bias  c-Evalue  i-Evalue hmmfrom  hmm to    alifrom  ali to    envfrom  env to     acc
 ---   ------ ----- --------- --------- ------- -------    ------- -------    ------- -------    ----
   1 !  138.3   7.6     9e-44   2.5e-40       1     104 []     664     755 ..     664     755 .. 0.99

>> RdRP_1  Viral RNA-dependent RNA polymerase
   #    score  bias  c-Evalue  i-Evalue hmmfrom  hmm to    alifrom  ali to    envfrom  env to     acc
 ---   ------ ----- --------- --------- ------- -------    ------- -------    ------- -------    ----
   1 ?   -3.2   0.0       1.5   4.2e+03      29      91 ..      26      87 ..      18      92 .. 0.77
   2 !  138.1   0.0     2e-43   5.5e-40     143     410 ..    1078    1343 ..    1028    1385 .. 0.87

>> Trypsin_2  Trypsin-like peptidase domain
   #    score  bias  c-Evalue  i-Evalue hmmfrom  hmm to    alifrom  ali to    envfrom  env to     acc
 ---   ------ ----- --------- --------- ------- -------    ------- -------    ------- -------    ----
   1 !   49.6   0.1     4e-16   1.1e-12       1     145 []     447     565 ..     447     565 .. 0.87

>> Peptidase_C4  Peptidase family C4
   #    score  bias  c-Evalue  i-Evalue hmmfrom  hmm to    alifrom  ali to    envfrom  env to     acc
 ---   ------ ----- --------- --------- ------- -------    ------- -------    ------- -------    ----
   1 !   15.6   0.0   4.4e-06     0.012       9     118 ..     425     522 ..     418     559 .. 0.80

>> DUF8020  Domain of unknown function (DUF8020)
   #    score  bias  c-Evalue  i-Evalue hmmfrom  hmm to    alifrom  ali to    envfrom  env to     acc
 ---   ------ ----- --------- --------- ------- -------    ------- -------    ------- -------    ----
   1 ?   14.9   0.1   1.6e-05     0.044      26      52 ..     386     412 ..     379     414 .. 0.85

>> Peptidase_C3  3C cysteine protease (picornain 3C)
   #    score  bias  c-Evalue  i-Evalue hmmfrom  hmm to    alifrom  ali to    envfrom  env to     acc
 ---   ------ ----- --------- --------- ------- -------    ------- -------    ------- -------    ----
   1 ?   11.4   0.0   0.00014      0.37     115     165 ..     518     570 ..     488     571 .. 0.73

>> ZapB  ZapB family
   #    score  bias  c-Evalue  i-Evalue hmmfrom  hmm to    alifrom  ali to    envfrom  env to     acc
 ---   ------ ----- --------- --------- ------- -------    ------- -------    ------- -------    ----
   1 ?    6.2   0.7    0.0089        24      16      53 ..     105     142 ..     103     153 .. 0.92
   2 ?    9.2   0.8     0.001       2.8      19      45 ..     592     618 ..     588     660 .. 0.79

>> ENTR1  ENTR1
   #    score  bias  c-Evalue  i-Evalue hmmfrom  hmm to    alifrom  ali to    envfrom  env to     acc
 ---   ------ ----- --------- --------- ------- -------    ------- -------    ------- -------    ----
   1 ?    2.7   0.2     0.052   1.4e+02      19      46 ..     117     144 ..     100     151 .. 0.71
   2 ?    7.4   0.3     0.002       5.3     100     130 ..     587     617 ..     585     660 .. 0.73



Internal pipeline statistics summary:
-------------------------------------
Query sequence(s):                         1  (1418 residues searched)
Target model(s):                       30134  (4754065 nodes)
Passed MSV filter:                      1436  (0.0476538); expected 602.7 (0.02)
Passed bias filter:                     1066  (0.0353753); expected 602.7 (0.02)
Passed Vit filter:                       121  (0.0040154); expected 30.1 (0.001)
Passed Fwd filter:                        13  (0.000431406); expected 0.3 (1e-05)
Initial search space (Z):              30134  [actual number of targets]
Domain search space  (domZ):              11  [number of targets reported over threshold]
# CPU time: 0.62u 0.16s 00:00:00.78 Elapsed: 00:00:00.93
# Mc/sec: 7223.93
//
Query:       ON807348.1_2  [L=779]
Description: # 4247 # 6583 # 1 # ID=31_2;partial=00;start_type=ATG;rbs_motif=None;rbs_spacer=None;genetic_code=11;gc_cont=0.472
Scores for complete sequence (score includes all domains):
   --- full sequence ---   --- best 1 domain ---    -#dom-
    E-value  score  bias    E-value  score  bias    exp  N  Model          Description
    ------- ------ -----    ------- ------ -----   ---- --  --------       -----------
   6.6e-148  493.4   1.0   1.2e-147  492.6   1.0    1.4  1  Astro_capsid_p  Turkey astrovirus capsid protein
   1.9e-124  414.7   5.7   3.9e-124  413.7   5.7    1.6  1  Astro_capsid_N  Astrovirus capsid protein nucleoplasmin-like 
  ------ inclusion threshold ------
      0.012   16.5   0.1      0.024   15.4   0.1    1.6  1  SP2_M           Structural protein 2 second domain
      0.025   15.3   0.7       0.05   14.3   0.7    1.5  1  PRR20           Proline-rich protein family 20
      0.059   13.8   1.5       0.18   12.2   0.3    2.4  2  SP2             Structural protein 2 nucleoplasmin-like domai
       0.24   11.2   8.3       0.38   10.5   8.3    1.3  1  CoV_nucleocap   Coronavirus nucleocapsid


Domain annotation for each model:
>> Astro_capsid_p  Turkey astrovirus capsid protein
   #    score  bias  c-Evalue  i-Evalue hmmfrom  hmm to    alifrom  ali to    envfrom  env to     acc
 ---   ------ ----- --------- --------- ------- -------    ------- -------    ------- -------    ----
   1 !  492.6   1.0  2.4e-151  1.2e-147       1     363 []     432     778 ..     432     778 .. 0.99

>> Astro_capsid_N  Astrovirus capsid protein nucleoplasmin-like domain
   #    score  bias  c-Evalue  i-Evalue hmmfrom  hmm to    alifrom  ali to    envfrom  env to     acc
 ---   ------ ----- --------- --------- ------- -------    ------- -------    ------- -------    ----
   1 !  413.7   5.7  7.8e-128  3.9e-124       1     249 []      17     258 ..      17     258 .. 1.00

>> SP2_M  Structural protein 2 second domain
   #    score  bias  c-Evalue  i-Evalue hmmfrom  hmm to    alifrom  ali to    envfrom  env to     acc
 ---   ------ ----- --------- --------- ------- -------    ------- -------    ------- -------    ----
   1 ?   15.4   0.1   4.8e-06     0.024      26     114 ..     287     382 ..     263     414 .. 0.71

>> PRR20  Proline-rich protein family 20
   #    score  bias  c-Evalue  i-Evalue hmmfrom  hmm to    alifrom  ali to    envfrom  env to     acc
 ---   ------ ----- --------- --------- ------- -------    ------- -------    ------- -------    ----
   1 ?   14.3   0.7   9.9e-06      0.05      70     126 ..      14      81 ..       5     169 .. 0.64

>> SP2  Structural protein 2 nucleoplasmin-like domain
   #    score  bias  c-Evalue  i-Evalue hmmfrom  hmm to    alifrom  ali to    envfrom  env to     acc
 ---   ------ ----- --------- --------- ------- -------    ------- -------    ------- -------    ----
   1 ?   12.2   0.3   3.5e-05      0.18      26     205 .]      93     258 ..      80     258 .. 0.74
   2 ?   -2.2   0.0      0.91   4.6e+03      92     136 ..     551     594 ..     514     602 .. 0.75

>> CoV_nucleocap  Coronavirus nucleocapsid
   #    score  bias  c-Evalue  i-Evalue hmmfrom  hmm to    alifrom  ali to    envfrom  env to     acc
 ---   ------ ----- --------- --------- ------- -------    ------- -------    ------- -------    ----
   1 ?   10.5   8.3   7.6e-05      0.38     127     192 ..       6      77 ..       1      95 [. 0.63



Internal pipeline statistics summary:
-------------------------------------
Query sequence(s):                         1  (779 residues searched)
Target model(s):                       30134  (4754065 nodes)
Passed MSV filter:                      1250  (0.0414814); expected 602.7 (0.02)
Passed bias filter:                      825  (0.0273777); expected 602.7 (0.02)
Passed Vit filter:                        61  (0.00202429); expected 30.1 (0.001)
Passed Fwd filter:                         6  (0.000199111); expected 0.3 (1e-05)
Initial search space (Z):              30134  [actual number of targets]
Domain search space  (domZ):               6  [number of targets reported over threshold]
# CPU time: 0.43u 0.11s 00:00:00.54 Elapsed: 00:00:00.71
# Mc/sec: 5199.18
//
Query:       OM451103.1_1  [L=1293]
Description: # 1 # 3879 # 1 # ID=32_1;partial=10;start_type=Edge;rbs_motif=None;rbs_spacer=None;genetic_code=11;gc_cont=0.515
Scores for complete sequence (score includes all domains):
   --- full sequence ---   --- best 1 domain ---    -#dom-
    E-value  score  bias    E-value  score  bias    exp  N  Model         Description
    ------- ------ -----    ------- ------ -----   ---- --  --------      -----------
    1.8e-42  146.3   0.0    3.1e-42  145.6   0.0    1.2  1  RdRP_1         Viral RNA-dependent RNA polymerase
    1.3e-09   39.6   0.3    6.6e-09   37.3   0.3    2.2  2  Astro_VPg      Astrovirus VPg protein
    5.5e-07   31.2   1.0    3.2e-06   28.7   1.0    2.1  1  Trypsin_2      Trypsin-like peptidase domain
    2.5e-05   24.9   0.4       0.02   15.4   0.0    2.3  2  Trypsin        Trypsin
    0.00039   20.9   3.1    0.00066   20.2   3.1    1.3  1  Astro_1A       Astrovirus transmembrane protein 1A
     0.0081   16.7   0.1      0.019   15.5   0.1    1.6  1  Peptidase_S7   Peptidase S7, Flavivirus NS3 serine protease
  ------ inclusion threshold ------
      0.048   13.6   1.8       0.16   11.8   1.8    1.7  1  Peptidase_S32  Equine arteritis virus serine endopeptidase S3
        1.4    8.2   2.2        1.3    8.2   0.1    1.8  2  Peptidase_C37  Southampton virus-type processing peptidase


Domain annotation for each model:
>> RdRP_1  Viral RNA-dependent RNA polymerase
   #    score  bias  c-Evalue  i-Evalue hmmfrom  hmm to    alifrom  ali to    envfrom  env to     acc
 ---   ------ ----- --------- --------- ------- -------    ------- -------    ------- -------    ----
   1 !  145.6   0.0   8.1e-46   3.1e-42      49     393 ..     865    1204 ..     860    1219 .. 0.81

>> Astro_VPg  Astrovirus VPg protein
   #    score  bias  c-Evalue  i-Evalue hmmfrom  hmm to    alifrom  ali to    envfrom  env to     acc
 ---   ------ ----- --------- --------- ------- -------    ------- -------    ------- -------    ----
   1 !   37.3   0.3   1.8e-12   6.6e-09      13      89 ..     620     689 ..     610     704 .. 0.78
   2 ?   -2.8   0.0       5.3     2e+04      10      46 ..     974    1011 ..     971    1017 .. 0.78

>> Trypsin_2  Trypsin-like peptidase domain
   #    score  bias  c-Evalue  i-Evalue hmmfrom  hmm to    alifrom  ali to    envfrom  env to     acc
 ---   ------ ----- --------- --------- ------- -------    ------- -------    ------- -------    ----
   1 !   28.7   1.0   8.4e-10   3.2e-06       1     145 []     423     547 ..     423     547 .. 0.83

>> Trypsin  Trypsin
   #    score  bias  c-Evalue  i-Evalue hmmfrom  hmm to    alifrom  ali to    envfrom  env to     acc
 ---   ------ ----- --------- --------- ------- -------    ------- -------    ------- -------    ----
   1 !   15.4   0.0   5.3e-06      0.02      19      76 ..     415     472 ..     399     479 .. 0.78
   2 !    7.2   0.1    0.0018       6.7     174     200 ..     527     553 ..     520     563 .. 0.83

>> Astro_1A  Astrovirus transmembrane protein 1A
   #    score  bias  c-Evalue  i-Evalue hmmfrom  hmm to    alifrom  ali to    envfrom  env to     acc
 ---   ------ ----- --------- --------- ------- -------    ------- -------    ------- -------    ----
   1 !   20.2   3.1   1.7e-07   0.00066      61     229 ..     215     382 ..     174     396 .. 0.73

>> Peptidase_S7  Peptidase S7, Flavivirus NS3 serine protease
   #    score  bias  c-Evalue  i-Evalue hmmfrom  hmm to    alifrom  ali to    envfrom  env to     acc
 ---   ------ ----- --------- --------- ------- -------    ------- -------    ------- -------    ----
   1 !   15.5   0.1   5.2e-06     0.019      91     119 ..     526     554 ..     504     560 .. 0.85

>> Peptidase_S32  Equine arteritis virus serine endopeptidase S32
   #    score  bias  c-Evalue  i-Evalue hmmfrom  hmm to    alifrom  ali to    envfrom  env to     acc
 ---   ------ ----- --------- --------- ------- -------    ------- -------    ------- -------    ----
   1 ?   11.8   1.8   4.4e-05      0.16     202     229 ..     524     552 ..     418     564 .. 0.58

>> Peptidase_C37  Southampton virus-type processing peptidase
   #    score  bias  c-Evalue  i-Evalue hmmfrom  hmm to    alifrom  ali to    envfrom  env to     acc
 ---   ------ ----- --------- --------- ------- -------    ------- -------    ------- -------    ----
   1 ?    8.2   0.1   0.00035       1.3     221     262 ..     606     648 ..     573     665 .. 0.74
   2 ?   -1.3   0.2      0.27     1e+03     352     371 ..     682     701 ..     674     704 .. 0.87



Internal pipeline statistics summary:
-------------------------------------
Query sequence(s):                         1  (1293 residues searched)
Target model(s):                       30134  (4754065 nodes)
Passed MSV filter:                      1178  (0.0390921); expected 602.7 (0.02)
Passed bias filter:                      976  (0.0323887); expected 602.7 (0.02)
Passed Vit filter:                       103  (0.00341807); expected 30.1 (0.001)
Passed Fwd filter:                         8  (0.000265481); expected 0.3 (1e-05)
Initial search space (Z):              30134  [actual number of targets]
Domain search space  (domZ):               8  [number of targets reported over threshold]
# CPU time: 0.60u 0.14s 00:00:00.74 Elapsed: 00:00:00.98
# Mc/sec: 6219.33
//
Query:       OM451103.1_2  [L=711]
Description: # 3872 # 6004 # 1 # ID=32_2;partial=00;start_type=ATG;rbs_motif=AGGAG(G)/GGAGG;rbs_spacer=13-15bp;genetic_code=11;gc_cont=0.530
Scores for complete sequence (score includes all domains):
   --- full sequence ---   --- best 1 domain ---    -#dom-
    E-value  score  bias    E-value  score  bias    exp  N  Model          Description
    ------- ------ -----    ------- ------ -----   ---- --  --------       -----------
    2.3e-58  198.2   0.1    3.6e-58  197.6   0.1    1.3  1  Astro_capsid_N  Astrovirus capsid protein nucleoplasmin-like 
  ------ inclusion threshold ------
      0.099   13.5   2.3       0.19   12.6   2.3    1.4  1  DUF8344         Domain of unknown function (DUF8344)


Domain annotation for each model:
>> Astro_capsid_N  Astrovirus capsid protein nucleoplasmin-like domain
   #    score  bias  c-Evalue  i-Evalue hmmfrom  hmm to    alifrom  ali to    envfrom  env to     acc
 ---   ------ ----- --------- --------- ------- -------    ------- -------    ------- -------    ----
   1 !  197.6   0.1   2.4e-62   3.6e-58      16     249 .]      12     240 ..       2     240 .. 0.87

>> DUF8344  Domain of unknown function (DUF8344)
   #    score  bias  c-Evalue  i-Evalue hmmfrom  hmm to    alifrom  ali to    envfrom  env to     acc
 ---   ------ ----- --------- --------- ------- -------    ------- -------    ------- -------    ----
   1 ?   12.6   2.3   1.3e-05      0.19      13     106 ..      18     112 ..       5     125 .. 0.87



Internal pipeline statistics summary:
-------------------------------------
Query sequence(s):                         1  (711 residues searched)
Target model(s):                       30134  (4754065 nodes)
Passed MSV filter:                       558  (0.0185173); expected 602.7 (0.02)
Passed bias filter:                      429  (0.0142364); expected 602.7 (0.02)
Passed Vit filter:                        38  (0.00126103); expected 30.1 (0.001)
Passed Fwd filter:                         3  (9.95553e-05); expected 0.3 (1e-05)
Initial search space (Z):              30134  [actual number of targets]
Domain search space  (domZ):               2  [number of targets reported over threshold]
# CPU time: 0.30u 0.15s 00:00:00.44 Elapsed: 00:00:00.51
# Mc/sec: 6523.83
//
Query:       MT766332.1_1  [L=685]
Description: # 3 # 2057 # 1 # ID=33_1;partial=11;start_type=Edge;rbs_motif=None;rbs_spacer=None;genetic_code=11;gc_cont=0.401
Scores for complete sequence (score includes all domains):
   --- full sequence ---   --- best 1 domain ---    -#dom-
    E-value  score  bias    E-value  score  bias    exp  N  Model          Description
    ------- ------ -----    ------- ------ -----   ---- --  --------       -----------
      1e-11   46.5   0.7    2.5e-11   45.2   0.7    1.7  1  Trypsin_2       Trypsin-like peptidase domain
    1.5e-06   28.3   2.7    2.4e-06   27.7   2.7    1.2  1  Peptidase_S32   Equine arteritis virus serine endopeptidase S
    2.5e-05   25.8   4.7    2.5e-05   25.8   4.7    3.0  3  Astro_VPg       Astrovirus VPg protein
     0.0001   21.9   0.1    0.00042   19.9   0.0    1.9  2  RdRP_1          Viral RNA-dependent RNA polymerase
    0.00034   21.2   3.5       0.18   12.3   0.1    2.4  2  Trypsin         Trypsin
     0.0066   17.1   0.8     0.0066   17.1   0.8    2.0  2  Peptidase_C3    3C cysteine protease (picornain 3C)
  ------ inclusion threshold ------
      0.042   14.2   1.4       0.17   12.2   0.1    2.2  2  Myco_protease   Mycoplasma immunoglobulin protease
      0.043   14.4   1.8         11    6.6   0.1    2.7  2  Ubiquitin_GT-1  GT-1-like, ubiquitin-like domain
       0.08   13.5   1.2       0.14   12.7   0.2    2.0  2  Peptidase_S7    Peptidase S7, Flavivirus NS3 serine protease
       0.14   12.7   0.2       0.24   11.9   0.2    1.4  1  Peptidase_S29   Hepatitis C virus NS3 protease
       0.18   12.9   0.0       0.41   11.8   0.0    1.5  1  TetR_C_13       Tetracyclin repressor-like, C-terminal domain
       0.22   12.7   0.6        5.5    8.2   0.0    2.4  2  LANA1_DNA-bd    Protein LANA1-like, DNA-binding domain
        6.7    8.1   7.5       0.83   11.0   1.2    2.7  2  SLS1_N          SLS1 protein N-terminal domain
        8.5    6.8   6.1         12    6.3   0.5    3.0  2  INA17_C         INA17 C-terminal domain


Domain annotation for each model:
>> Trypsin_2  Trypsin-like peptidase domain
   #    score  bias  c-Evalue  i-Evalue hmmfrom  hmm to    alifrom  ali to    envfrom  env to     acc
 ---   ------ ----- --------- --------- ------- -------    ------- -------    ------- -------    ----
   1 !   45.2   0.7   1.1e-14   2.5e-11       1     145 []      57     177 ..      56     177 .. 0.85

>> Peptidase_S32  Equine arteritis virus serine endopeptidase S32
   #    score  bias  c-Evalue  i-Evalue hmmfrom  hmm to    alifrom  ali to    envfrom  env to     acc
 ---   ------ ----- --------- --------- ------- -------    ------- -------    ------- -------    ----
   1 !   27.7   2.7   1.1e-09   2.4e-06      90     230 ..      31     183 ..      18     196 .. 0.70

>> Astro_VPg  Astrovirus VPg protein
   #    score  bias  c-Evalue  i-Evalue hmmfrom  hmm to    alifrom  ali to    envfrom  env to     acc
 ---   ------ ----- --------- --------- ------- -------    ------- -------    ------- -------    ----
   1 ?   -0.9   0.0       2.4   5.1e+03      41      65 ..     219     243 ..     210     249 .. 0.81
   2 !   25.8   4.7   1.1e-08   2.5e-05      17      87 ..     256     323 ..     248     334 .. 0.77
   3 ?   -0.9   0.1       2.3     5e+03      61      77 ..     622     636 ..     616     655 .. 0.74

>> RdRP_1  Viral RNA-dependent RNA polymerase
   #    score  bias  c-Evalue  i-Evalue hmmfrom  hmm to    alifrom  ali to    envfrom  env to     acc
 ---   ------ ----- --------- --------- ------- -------    ------- -------    ------- -------    ----
   1 ?   -1.2   0.1      0.49     1e+03     293     305 ..     163     175 ..     141     178 .. 0.82
   2 !   19.9   0.0     2e-07   0.00042      13     183 ..     504     680 ..     496     685 .] 0.79

>> Trypsin  Trypsin
   #    score  bias  c-Evalue  i-Evalue hmmfrom  hmm to    alifrom  ali to    envfrom  env to     acc
 ---   ------ ----- --------- --------- ------- -------    ------- -------    ------- -------    ----
   1 !   12.3   0.1   8.6e-05      0.18      26      57 ..      56      86 ..      45     117 .. 0.73
   2 !    9.2   0.4   0.00076       1.6     138     200 ..     121     183 ..     109     193 .. 0.85

>> Peptidase_C3  3C cysteine protease (picornain 3C)
   #    score  bias  c-Evalue  i-Evalue hmmfrom  hmm to    alifrom  ali to    envfrom  env to     acc
 ---   ------ ----- --------- --------- ------- -------    ------- -------    ------- -------    ----
   1 !   17.1   0.8   3.1e-06    0.0066     126     166 .]     142     183 ..      43     183 .. 0.86
   2 ?   -1.5   0.1       1.7   3.7e+03      34      76 ..     189     234 ..     188     250 .. 0.75

>> Myco_protease  Mycoplasma immunoglobulin protease
   #    score  bias  c-Evalue  i-Evalue hmmfrom  hmm to    alifrom  ali to    envfrom  env to     acc
 ---   ------ ----- --------- --------- ------- -------    ------- -------    ------- -------    ----
   1 ?   12.2   0.1   8.1e-05      0.17     323     345 ..     157     179 ..     149     180 .. 0.86
   2 ?    0.5   0.2      0.28   6.1e+02     207     235 ..     272     340 ..     230     393 .. 0.52

>> Ubiquitin_GT-1  GT-1-like, ubiquitin-like domain
   #    score  bias  c-Evalue  i-Evalue hmmfrom  hmm to    alifrom  ali to    envfrom  env to     acc
 ---   ------ ----- --------- --------- ------- -------    ------- -------    ------- -------    ----
   1 ?    6.2   0.3    0.0071        15      19      45 ..     269     295 ..     249     314 .. 0.67
   2 ?    6.6   0.1    0.0053        11      23      55 ..     611     643 ..     592     649 .. 0.80

>> Peptidase_S7  Peptidase S7, Flavivirus NS3 serine protease
   #    score  bias  c-Evalue  i-Evalue hmmfrom  hmm to    alifrom  ali to    envfrom  env to     acc
 ---   ------ ----- --------- --------- ------- -------    ------- -------    ------- -------    ----
   1 ?   12.7   0.2   6.7e-05      0.14      91     118 ..     156     183 ..     142     190 .. 0.86
   2 ?   -4.0   0.1       9.4     2e+04      62      82 ..     609     630 ..     595     634 .. 0.67

>> Peptidase_S29  Hepatitis C virus NS3 protease
   #    score  bias  c-Evalue  i-Evalue hmmfrom  hmm to    alifrom  ali to    envfrom  env to     acc
 ---   ------ ----- --------- --------- ------- -------    ------- -------    ------- -------    ----
   1 ?   11.9   0.2   0.00011      0.24       5     130 ..      48     183 ..      45     200 .. 0.70

>> TetR_C_13  Tetracyclin repressor-like, C-terminal domain
   #    score  bias  c-Evalue  i-Evalue hmmfrom  hmm to    alifrom  ali to    envfrom  env to     acc
 ---   ------ ----- --------- --------- ------- -------    ------- -------    ------- -------    ----
   1 ?   11.8   0.0   0.00019      0.41      43      93 ..     397     447 ..     396     458 .. 0.93

>> LANA1_DNA-bd  Protein LANA1-like, DNA-binding domain
   #    score  bias  c-Evalue  i-Evalue hmmfrom  hmm to    alifrom  ali to    envfrom  env to     acc
 ---   ------ ----- --------- --------- ------- -------    ------- -------    ------- -------    ----
   1 ?    8.2   0.0    0.0026       5.5      59     111 ..     374     419 ..     364     424 .. 0.76
   2 ?    2.1   0.2       0.2   4.2e+02       5      41 ..     552     588 ..     547     591 .. 0.82

>> SLS1_N  SLS1 protein N-terminal domain
   #    score  bias  c-Evalue  i-Evalue hmmfrom  hmm to    alifrom  ali to    envfrom  env to     acc
 ---   ------ ----- --------- --------- ------- -------    ------- -------    ------- -------    ----
   1 ?   11.0   1.2   0.00039      0.83      26      82 ..     278     341 ..     253     350 .. 0.71
   2 ?   -1.4   0.2       2.8   6.1e+03      43      79 ..     402     468 ..     399     471 .. 0.49

>> INA17_C  INA17 C-terminal domain
   #    score  bias  c-Evalue  i-Evalue hmmfrom  hmm to    alifrom  ali to    envfrom  env to     acc
 ---   ------ ----- --------- --------- ------- -------    ------- -------    ------- -------    ----
   1 ?    6.3   0.5    0.0056        12      32      49 ..     203     220 ..     200     223 .. 0.90
   2 ?    1.8   0.7      0.14   3.1e+02      23      44 ..     612     634 ..     609     636 .. 0.71



Internal pipeline statistics summary:
-------------------------------------
Query sequence(s):                         1  (685 residues searched)
Target model(s):                       30134  (4754065 nodes)
Passed MSV filter:                      1376  (0.0456627); expected 602.7 (0.02)
Passed bias filter:                      754  (0.0250216); expected 602.7 (0.02)
Passed Vit filter:                        76  (0.00252207); expected 30.1 (0.001)
Passed Fwd filter:                        14  (0.000464591); expected 0.3 (1e-05)
Initial search space (Z):              30134  [actual number of targets]
Domain search space  (domZ):              14  [number of targets reported over threshold]
# CPU time: 0.38u 0.15s 00:00:00.53 Elapsed: 00:00:00.78
# Mc/sec: 4161.77
//
Query:       OM451147.1_1  [L=1303]
Description: # 1 # 3909 # 1 # ID=34_1;partial=10;start_type=Edge;rbs_motif=None;rbs_spacer=None;genetic_code=15;gc_cont=0.587
Scores for complete sequence (score includes all domains):
   --- full sequence ---   --- best 1 domain ---    -#dom-
    E-value  score  bias    E-value  score  bias    exp  N  Model         Description
    ------- ------ -----    ------- ------ -----   ---- --  --------      -----------
    1.2e-20   74.4   0.0    3.7e-14   53.0   0.0    2.1  2  RdRP_1         Viral RNA-dependent RNA polymerase
    1.7e-06   29.6   0.4    3.4e-06   28.6   0.4    1.4  1  Astro_VPg      Astrovirus VPg protein
    1.5e-05   26.5   1.5     0.0044   18.5   0.1    2.5  2  Trypsin_2      Trypsin-like peptidase domain
    0.00019   22.0   3.0    0.00029   21.4   3.0    1.3  1  Astro_1A       Astrovirus transmembrane protein 1A
     0.0045   17.5   0.8        2.2    8.8   0.1    2.2  2  Trypsin        Trypsin
  ------ inclusion threshold ------
       0.21   12.2   0.1       0.41   11.2   0.1    1.4  1  Peptidase_S7   Peptidase S7, Flavivirus NS3 serine protease
       0.22   11.4   4.6       0.83    9.5   4.6    1.8  1  Peptidase_S32  Equine arteritis virus serine endopeptidase S3


Domain annotation for each model:
>> RdRP_1  Viral RNA-dependent RNA polymerase
   #    score  bias  c-Evalue  i-Evalue hmmfrom  hmm to    alifrom  ali to    envfrom  env to     acc
 ---   ------ ----- --------- --------- ------- -------    ------- -------    ------- -------    ----
   1 !   53.0   0.0   8.7e-18   3.7e-14     142     251 ..     964    1074 ..     955    1080 .. 0.93
   2 !   19.1   0.0   1.7e-07   0.00071     331     399 ..    1152    1214 ..    1134    1226 .. 0.87

>> Astro_VPg  Astrovirus VPg protein
   #    score  bias  c-Evalue  i-Evalue hmmfrom  hmm to    alifrom  ali to    envfrom  env to     acc
 ---   ------ ----- --------- --------- ------- -------    ------- -------    ------- -------    ----
   1 !   28.6   0.4   7.9e-10   3.4e-06       4      91 ..     609     680 ..     606     696 .. 0.67

>> Trypsin_2  Trypsin-like peptidase domain
   #    score  bias  c-Evalue  i-Evalue hmmfrom  hmm to    alifrom  ali to    envfrom  env to     acc
 ---   ------ ----- --------- --------- ------- -------    ------- -------    ------- -------    ----
   1 !    6.7   0.2    0.0044        19       2      27 ..     396     421 ..     395     447 .. 0.79
   2 !   18.5   0.1     1e-06    0.0044     111     145 .]     486     520 ..     453     520 .. 0.80

>> Astro_1A  Astrovirus transmembrane protein 1A
   #    score  bias  c-Evalue  i-Evalue hmmfrom  hmm to    alifrom  ali to    envfrom  env to     acc
 ---   ------ ----- --------- --------- ------- -------    ------- -------    ------- -------    ----
   1 !   21.4   3.0   6.7e-08   0.00029     103     231 ..     230     361 ..     188     374 .. 0.72

>> Trypsin  Trypsin
   #    score  bias  c-Evalue  i-Evalue hmmfrom  hmm to    alifrom  ali to    envfrom  env to     acc
 ---   ------ ----- --------- --------- ------- -------    ------- -------    ------- -------    ----
   1 !    8.8   0.1    0.0005       2.2      14      57 ..     386     427 ..     375     446 .. 0.78
   2 !    7.0   0.1    0.0018       7.6     173     200 ..     499     526 ..     472     535 .. 0.83

>> Peptidase_S7  Peptidase S7, Flavivirus NS3 serine protease
   #    score  bias  c-Evalue  i-Evalue hmmfrom  hmm to    alifrom  ali to    envfrom  env to     acc
 ---   ------ ----- --------- --------- ------- -------    ------- -------    ------- -------    ----
   1 ?   11.2   0.1   9.6e-05      0.41      90     114 ..     498     522 ..     474     533 .. 0.82

>> Peptidase_S32  Equine arteritis virus serine endopeptidase S32
   #    score  bias  c-Evalue  i-Evalue hmmfrom  hmm to    alifrom  ali to    envfrom  env to     acc
 ---   ------ ----- --------- --------- ------- -------    ------- -------    ------- -------    ----
   1 ?    9.5   4.6   0.00019      0.83     205     229 ..     501     525 ..     381     534 .. 0.68



Internal pipeline statistics summary:
-------------------------------------
Query sequence(s):                         1  (1303 residues searched)
Target model(s):                       30134  (4754065 nodes)
Passed MSV filter:                      1081  (0.0358731); expected 602.7 (0.02)
Passed bias filter:                      802  (0.0266145); expected 602.7 (0.02)
Passed Vit filter:                        78  (0.00258844); expected 30.1 (0.001)
Passed Fwd filter:                         7  (0.000232296); expected 0.3 (1e-05)
Initial search space (Z):              30134  [actual number of targets]
Domain search space  (domZ):               7  [number of targets reported over threshold]
# CPU time: 0.54u 0.13s 00:00:00.67 Elapsed: 00:00:00.85
# Mc/sec: 7219.52
//
Query:       OM451211.1_1  [L=1312]
Description: # 41 # 3976 # 1 # ID=35_1;partial=00;start_type=ATG;rbs_motif=None;rbs_spacer=None;genetic_code=11;gc_cont=0.490
Scores for complete sequence (score includes all domains):
   --- full sequence ---   --- best 1 domain ---    -#dom-
    E-value  score  bias    E-value  score  bias    exp  N  Model         Description
    ------- ------ -----    ------- ------ -----   ---- --  --------      -----------
    4.7e-44  151.6   0.0    7.7e-44  150.9   0.0    1.2  1  RdRP_1         Viral RNA-dependent RNA polymerase
    7.9e-10   40.4   0.1    1.7e-09   39.3   0.1    1.6  1  Trypsin_2      Trypsin-like peptidase domain
    3.2e-09   38.3   2.5    8.1e-09   37.0   2.5    1.7  1  Astro_VPg      Astrovirus VPg protein
     0.0032   17.4   0.1     0.0071   16.3   0.1    1.5  1  Peptidase_S32  Equine arteritis virus serine endopeptidase S3
  ------ inclusion threshold ------
      0.013   16.2   2.4      0.014   16.1   0.0    2.1  2  Peptidase_C3   3C cysteine protease (picornain 3C)
      0.092   13.2   8.1       0.15   12.5   8.1    1.2  1  Astro_1A       Astrovirus transmembrane protein 1A
       0.13   12.6   3.0        2.4    8.5   0.1    2.4  2  ENTR1          ENTR1
       0.24   11.4   0.1        0.4   10.7   0.1    1.2  1  PFK            Phosphofructokinase
       0.44   10.7   2.7        1.1    9.4   2.7    1.5  1  HAUS-augmin3   HAUS augmin-like complex subunit 3


Domain annotation for each model:
>> RdRP_1  Viral RNA-dependent RNA polymerase
   #    score  bias  c-Evalue  i-Evalue hmmfrom  hmm to    alifrom  ali to    envfrom  env to     acc
 ---   ------ ----- --------- --------- ------- -------    ------- -------    ------- -------    ----
   1 !  150.9   0.0   2.3e-47   7.7e-44      49     396 ..     879    1225 ..     855    1241 .. 0.88

>> Trypsin_2  Trypsin-like peptidase domain
   #    score  bias  c-Evalue  i-Evalue hmmfrom  hmm to    alifrom  ali to    envfrom  env to     acc
 ---   ------ ----- --------- --------- ------- -------    ------- -------    ------- -------    ----
   1 !   39.3   0.1   5.1e-13   1.7e-09       1     145 []     426     546 ..     426     546 .. 0.77

>> Astro_VPg  Astrovirus VPg protein
   #    score  bias  c-Evalue  i-Evalue hmmfrom  hmm to    alifrom  ali to    envfrom  env to     acc
 ---   ------ ----- --------- --------- ------- -------    ------- -------    ------- -------    ----
   1 !   37.0   2.5   2.4e-12   8.1e-09       1      91 [.     635     719 ..     635     730 .. 0.74

>> Peptidase_S32  Equine arteritis virus serine endopeptidase S32
   #    score  bias  c-Evalue  i-Evalue hmmfrom  hmm to    alifrom  ali to    envfrom  env to     acc
 ---   ------ ----- --------- --------- ------- -------    ------- -------    ------- -------    ----
   1 !   16.3   0.1   2.1e-06    0.0071     114     226 ..     424     548 ..     403     563 .. 0.69

>> Peptidase_C3  3C cysteine protease (picornain 3C)
   #    score  bias  c-Evalue  i-Evalue hmmfrom  hmm to    alifrom  ali to    envfrom  env to     acc
 ---   ------ ----- --------- --------- ------- -------    ------- -------    ------- -------    ----
   1 ?   -1.8   0.7       1.3   4.4e+03     146     161 ..     430     445 ..     425     447 .. 0.92
   2 ?   16.1   0.0   4.2e-06     0.014     129     166 .]     514     552 ..     504     552 .. 0.89

>> Astro_1A  Astrovirus transmembrane protein 1A
   #    score  bias  c-Evalue  i-Evalue hmmfrom  hmm to    alifrom  ali to    envfrom  env to     acc
 ---   ------ ----- --------- --------- ------- -------    ------- -------    ------- -------    ----
   1 ?   12.5   8.1   4.5e-05      0.15      72     240 ..     225     392 ..     215     396 .. 0.80

>> ENTR1  ENTR1
   #    score  bias  c-Evalue  i-Evalue hmmfrom  hmm to    alifrom  ali to    envfrom  env to     acc
 ---   ------ ----- --------- --------- ------- -------    ------- -------    ------- -------    ----
   1 ?    8.5   0.1   0.00072       2.4      21      55 ..     104     138 ..      87     144 .. 0.82
   2 ?    3.6   0.7     0.022        75     107     129 ..     576     598 ..     560     637 .. 0.67

>> PFK  Phosphofructokinase
   #    score  bias  c-Evalue  i-Evalue hmmfrom  hmm to    alifrom  ali to    envfrom  env to     acc
 ---   ------ ----- --------- --------- ------- -------    ------- -------    ------- -------    ----
   1 ?   10.7   0.1   0.00012       0.4     147     256 ..     519     644 ..     515     656 .. 0.64

>> HAUS-augmin3  HAUS augmin-like complex subunit 3
   #    score  bias  c-Evalue  i-Evalue hmmfrom  hmm to    alifrom  ali to    envfrom  env to     acc
 ---   ------ ----- --------- --------- ------- -------    ------- -------    ------- -------    ----
   1 ?    9.4   2.7   0.00032       1.1      81     139 ..     574     632 ..     559     643 .. 0.89



Internal pipeline statistics summary:
-------------------------------------
Query sequence(s):                         1  (1312 residues searched)
Target model(s):                       30134  (4754065 nodes)
Passed MSV filter:                      1718  (0.057012); expected 602.7 (0.02)
Passed bias filter:                     1108  (0.0367691); expected 602.7 (0.02)
Passed Vit filter:                       120  (0.00398221); expected 30.1 (0.001)
Passed Fwd filter:                         9  (0.000298666); expected 0.3 (1e-05)
Initial search space (Z):              30134  [actual number of targets]
Domain search space  (domZ):               9  [number of targets reported over threshold]
# CPU time: 0.64u 0.11s 00:00:00.75 Elapsed: 00:00:01.01
# Mc/sec: 6164.03
//
Query:       OM451211.1_2  [L=796]
Description: # 3921 # 6308 # 1 # ID=35_2;partial=00;start_type=ATG;rbs_motif=None;rbs_spacer=None;genetic_code=11;gc_cont=0.530
Scores for complete sequence (score includes all domains):
   --- full sequence ---   --- best 1 domain ---    -#dom-
    E-value  score  bias    E-value  score  bias    exp  N  Model          Description
    ------- ------ -----    ------- ------ -----   ---- --  --------       -----------
    3.7e-52  177.9   1.6    6.5e-52  177.1   1.6    1.4  1  Astro_capsid_N  Astrovirus capsid protein nucleoplasmin-like 
      4e-07   30.6   0.0    8.6e-07   29.5   0.0    1.5  1  SP2             Structural protein 2 nucleoplasmin-like domai
     0.0026   17.7   0.1     0.0049   16.8   0.1    1.4  1  Astro_capsid_p  Turkey astrovirus capsid protein
  ------ inclusion threshold ------
      0.047   14.5   0.0      0.097   13.5   0.0    1.4  1  SP2_M           Structural protein 2 second domain


Domain annotation for each model:
>> Astro_capsid_N  Astrovirus capsid protein nucleoplasmin-like domain
   #    score  bias  c-Evalue  i-Evalue hmmfrom  hmm to    alifrom  ali to    envfrom  env to     acc
 ---   ------ ----- --------- --------- ------- -------    ------- -------    ------- -------    ----
   1 !  177.1   1.6   8.7e-56   6.5e-52      28     249 .]      52     268 ..      19     268 .. 0.88

>> SP2  Structural protein 2 nucleoplasmin-like domain
   #    score  bias  c-Evalue  i-Evalue hmmfrom  hmm to    alifrom  ali to    envfrom  env to     acc
 ---   ------ ----- --------- --------- ------- -------    ------- -------    ------- -------    ----
   1 !   29.5   0.0   1.1e-10   8.6e-07      53     205 .]     132     268 ..      91     268 .. 0.85

>> Astro_capsid_p  Turkey astrovirus capsid protein
   #    score  bias  c-Evalue  i-Evalue hmmfrom  hmm to    alifrom  ali to    envfrom  env to     acc
 ---   ------ ----- --------- --------- ------- -------    ------- -------    ------- -------    ----
   1 !   16.8   0.1   6.5e-07    0.0049     300     340 ..     751     792 ..     748     794 .. 0.90

>> SP2_M  Structural protein 2 second domain
   #    score  bias  c-Evalue  i-Evalue hmmfrom  hmm to    alifrom  ali to    envfrom  env to     acc
 ---   ------ ----- --------- --------- ------- -------    ------- -------    ------- -------    ----
   1 ?   13.5   0.0   1.3e-05     0.097      14     116 ..     284     380 ..     278     386 .. 0.72



Internal pipeline statistics summary:
-------------------------------------
Query sequence(s):                         1  (796 residues searched)
Target model(s):                       30134  (4754065 nodes)
Passed MSV filter:                       625  (0.0207407); expected 602.7 (0.02)
Passed bias filter:                      503  (0.0166921); expected 602.7 (0.02)
Passed Vit filter:                        49  (0.00162607); expected 30.1 (0.001)
Passed Fwd filter:                         5  (0.000165926); expected 0.3 (1e-05)
Initial search space (Z):              30134  [actual number of targets]
Domain search space  (domZ):               4  [number of targets reported over threshold]
# CPU time: 0.31u 0.17s 00:00:00.48 Elapsed: 00:00:00.59
# Mc/sec: 6310.25
//
Query:       OM451210.1_1  [L=1296]
Description: # 1 # 3888 # 1 # ID=36_1;partial=10;start_type=Edge;rbs_motif=None;rbs_spacer=None;genetic_code=11;gc_cont=0.495
Scores for complete sequence (score includes all domains):
   --- full sequence ---   --- best 1 domain ---    -#dom-
    E-value  score  bias    E-value  score  bias    exp  N  Model         Description
    ------- ------ -----    ------- ------ -----   ---- --  --------      -----------
    2.1e-40  139.6   0.1    5.5e-40  138.2   0.0    1.6  2  RdRP_1         Viral RNA-dependent RNA polymerase
    1.4e-07   33.1   0.3      4e-07   31.6   0.3    1.8  1  Trypsin_2      Trypsin-like peptidase domain
    8.4e-07   30.5   0.7    2.5e-06   29.0   0.7    1.7  1  Astro_VPg      Astrovirus VPg protein
    1.2e-06   28.9   0.0      3e-06   27.5   0.0    1.7  2  Astro_p19      Astrovirus p19 protein
    0.00018   21.5   1.0    0.00041   20.4   1.0    1.5  1  Peptidase_S32  Equine arteritis virus serine endopeptidase S3
    0.00079   20.0   0.2        1.1    9.8   0.0    2.3  2  Trypsin        Trypsin
     0.0023   17.3   0.1     0.0023   17.3   0.1    1.7  2  Peptidase_C37  Southampton virus-type processing peptidase
      0.005   17.4   0.1      0.011   16.3   0.1    1.5  1  Peptidase_S7   Peptidase S7, Flavivirus NS3 serine protease
  ------ inclusion threshold ------
      0.029   14.8   4.5      0.052   14.0   4.5    1.3  1  Astro_1A       Astrovirus transmembrane protein 1A
       0.16   12.4   0.1       0.39   11.2   0.1    1.6  1  Peptidase_S29  Hepatitis C virus NS3 protease


Domain annotation for each model:
>> RdRP_1  Viral RNA-dependent RNA polymerase
   #    score  bias  c-Evalue  i-Evalue hmmfrom  hmm to    alifrom  ali to    envfrom  env to     acc
 ---   ------ ----- --------- --------- ------- -------    ------- -------    ------- -------    ----
   1 ?   -2.3   0.0      0.73   2.2e+03       6      39 ..     166     198 ..     161     201 .. 0.78
   2 !  138.2   0.0   1.8e-43   5.5e-40     146     392 ..     965    1206 ..     955    1219 .. 0.90

>> Trypsin_2  Trypsin-like peptidase domain
   #    score  bias  c-Evalue  i-Evalue hmmfrom  hmm to    alifrom  ali to    envfrom  env to     acc
 ---   ------ ----- --------- --------- ------- -------    ------- -------    ------- -------    ----
   1 !   31.6   0.3   1.3e-10     4e-07       1     145 []     426     550 ..     424     550 .. 0.82

>> Astro_VPg  Astrovirus VPg protein
   #    score  bias  c-Evalue  i-Evalue hmmfrom  hmm to    alifrom  ali to    envfrom  env to     acc
 ---   ------ ----- --------- --------- ------- -------    ------- -------    ------- -------    ----
   1 !   29.0   0.7   8.2e-10   2.5e-06      13      89 ..     623     697 ..     614     711 .. 0.68

>> Astro_p19  Astrovirus p19 protein
   #    score  bias  c-Evalue  i-Evalue hmmfrom  hmm to    alifrom  ali to    envfrom  env to     acc
 ---   ------ ----- --------- --------- ------- -------    ------- -------    ------- -------    ----
   1 !   27.5   0.0   9.8e-10     3e-06      64     172 ..      46     153 ..      20     155 .. 0.84
   2 ?   -3.9   0.0       4.3   1.3e+04     131     143 ..    1004    1016 ..    1001    1021 .. 0.82

>> Peptidase_S32  Equine arteritis virus serine endopeptidase S32
   #    score  bias  c-Evalue  i-Evalue hmmfrom  hmm to    alifrom  ali to    envfrom  env to     acc
 ---   ------ ----- --------- --------- ------- -------    ------- -------    ------- -------    ----
   1 !   20.4   1.0   1.4e-07   0.00041     111     229 ..     421     555 ..     412     566 .. 0.64

>> Trypsin  Trypsin
   #    score  bias  c-Evalue  i-Evalue hmmfrom  hmm to    alifrom  ali to    envfrom  env to     acc
 ---   ------ ----- --------- --------- ------- -------    ------- -------    ------- -------    ----
   1 !    9.8   0.0   0.00036       1.1      29      61 ..     428     460 ..     405     487 .. 0.76
   2 !    7.8   0.1    0.0014       4.3     174     201 ..     530     557 ..     523     568 .. 0.82

>> Peptidase_C37  Southampton virus-type processing peptidase
   #    score  bias  c-Evalue  i-Evalue hmmfrom  hmm to    alifrom  ali to    envfrom  env to     acc
 ---   ------ ----- --------- --------- ------- -------    ------- -------    ------- -------    ----
   1 !   17.3   0.1   7.5e-07    0.0023     222     262 ..     610     651 ..     582     671 .. 0.77
   2 ?   -3.7   1.3       1.8   5.3e+03     352     370 ..     685     703 ..     678     706 .. 0.85

>> Peptidase_S7  Peptidase S7, Flavivirus NS3 serine protease
   #    score  bias  c-Evalue  i-Evalue hmmfrom  hmm to    alifrom  ali to    envfrom  env to     acc
 ---   ------ ----- --------- --------- ------- -------    ------- -------    ------- -------    ----
   1 !   16.3   0.1   3.6e-06     0.011      91     119 ..     529     557 ..     510     563 .. 0.87

>> Astro_1A  Astrovirus transmembrane protein 1A
   #    score  bias  c-Evalue  i-Evalue hmmfrom  hmm to    alifrom  ali to    envfrom  env to     acc
 ---   ------ ----- --------- --------- ------- -------    ------- -------    ------- -------    ----
   1 ?   14.0   4.5   1.7e-05     0.052      57     229 ..     214     385 ..     195     397 .. 0.70

>> Peptidase_S29  Hepatitis C virus NS3 protease
   #    score  bias  c-Evalue  i-Evalue hmmfrom  hmm to    alifrom  ali to    envfrom  env to     acc
 ---   ------ ----- --------- --------- ------- -------    ------- -------    ------- -------    ----
   1 ?   11.2   0.1   0.00013      0.39     107     141 ..     533     570 ..     524     575 .. 0.75



Internal pipeline statistics summary:
-------------------------------------
Query sequence(s):                         1  (1296 residues searched)
Target model(s):                       30134  (4754065 nodes)
Passed MSV filter:                      1207  (0.0400544); expected 602.7 (0.02)
Passed bias filter:                     1012  (0.0335833); expected 602.7 (0.02)
Passed Vit filter:                       111  (0.00368355); expected 30.1 (0.001)
Passed Fwd filter:                        10  (0.000331851); expected 0.3 (1e-05)
Initial search space (Z):              30134  [actual number of targets]
Domain search space  (domZ):              10  [number of targets reported over threshold]
# CPU time: 0.57u 0.16s 00:00:00.73 Elapsed: 00:00:00.87
# Mc/sec: 7016.11
//
Query:       OM451210.1_2  [L=251]
Description: # 3881 # 4633 # 1 # ID=36_2;partial=00;start_type=ATG;rbs_motif=None;rbs_spacer=None;genetic_code=11;gc_cont=0.547
Scores for complete sequence (score includes all domains):
   --- full sequence ---   --- best 1 domain ---    -#dom-
    E-value  score  bias    E-value  score  bias    exp  N  Model          Description
    ------- ------ -----    ------- ------ -----   ---- --  --------       -----------
    5.1e-60  203.6   0.3    6.6e-60  203.3   0.3    1.1  1  Astro_capsid_N  Astrovirus capsid protein nucleoplasmin-like 


Domain annotation for each model:
>> Astro_capsid_N  Astrovirus capsid protein nucleoplasmin-like domain
   #    score  bias  c-Evalue  i-Evalue hmmfrom  hmm to    alifrom  ali to    envfrom  env to     acc
 ---   ------ ----- --------- --------- ------- -------    ------- -------    ------- -------    ----
   1 !  203.3   0.3   2.2e-64   6.6e-60      28     249 .]      19     240 ..       3     240 .. 0.86



Internal pipeline statistics summary:
-------------------------------------
Query sequence(s):                         1  (251 residues searched)
Target model(s):                       30134  (4754065 nodes)
Passed MSV filter:                       950  (0.0315259); expected 602.7 (0.02)
Passed bias filter:                      560  (0.0185837); expected 602.7 (0.02)
Passed Vit filter:                        47  (0.0015597); expected 30.1 (0.001)
Passed Fwd filter:                         2  (6.63702e-05); expected 0.3 (1e-05)
Initial search space (Z):              30134  [actual number of targets]
Domain search space  (domZ):               1  [number of targets reported over threshold]
# CPU time: 0.26u 0.11s 00:00:00.37 Elapsed: 00:00:00.49
# Mc/sec: 2434.55
//
Query:       OM451210.1_3  [L=482]
Description: # 4575 # 6020 # 1 # ID=36_3;partial=00;start_type=ATG;rbs_motif=None;rbs_spacer=None;genetic_code=11;gc_cont=0.545
Scores for complete sequence (score includes all domains):
   --- full sequence ---   --- best 1 domain ---    -#dom-
    E-value  score  bias    E-value  score  bias    exp  N  Model    Description
    ------- ------ -----    ------- ------ -----   ---- --  -------- -----------

   [No hits detected that satisfy reporting thresholds]


Domain annotation for each model:

   [No targets detected that satisfy reporting thresholds]


Internal pipeline statistics summary:
-------------------------------------
Query sequence(s):                         1  (482 residues searched)
Target model(s):                       30134  (4754065 nodes)
Passed MSV filter:                       424  (0.0140705); expected 602.7 (0.02)
Passed bias filter:                      399  (0.0132409); expected 602.7 (0.02)
Passed Vit filter:                        27  (0.000895998); expected 30.1 (0.001)
Passed Fwd filter:                         0  (0); expected 0.3 (1e-05)
Initial search space (Z):              30134  [actual number of targets]
Domain search space  (domZ):               0  [number of targets reported over threshold]
# CPU time: 0.24u 0.14s 00:00:00.38 Elapsed: 00:00:00.46
# Mc/sec: 4882.46
//
Query:       OM451148.1_1  [L=1412]
Description: # 37 # 4272 # 1 # ID=37_1;partial=00;start_type=ATG;rbs_motif=GGAG/GAGG;rbs_spacer=5-10bp;genetic_code=11;gc_cont=0.466
Scores for complete sequence (score includes all domains):
   --- full sequence ---   --- best 1 domain ---    -#dom-
    E-value  score  bias    E-value  score  bias    exp  N  Model         Description
    ------- ------ -----    ------- ------ -----   ---- --  --------      -----------
    1.8e-85  287.3  11.0    2.9e-85  286.6  11.0    1.3  1  Astro_1A       Astrovirus transmembrane protein 1A
    1.6e-49  168.7   4.0    4.1e-49  167.3   4.0    1.7  1  Astrovir_pp_1  Astroviridae polyprotein 1
    3.6e-38  132.2   0.1    5.9e-38  131.4   0.1    1.2  1  RdRP_1         Viral RNA-dependent RNA polymerase
    5.1e-29  101.6   0.0    9.1e-29  100.8   0.0    1.4  1  Astro_p19      Astrovirus p19 protein
    6.9e-20   72.6   8.1    6.9e-20   72.6   8.1    2.0  2  Astro_VPg      Astrovirus VPg protein
      4e-10   41.3   0.3    8.9e-10   40.2   0.3    1.6  1  Trypsin_2      Trypsin-like peptidase domain
     0.0054   16.7   0.3     0.0092   15.9   0.3    1.2  1  Peptidase_S32  Equine arteritis virus serine endopeptidase S3
     0.0095   16.6   0.2       0.03   15.0   0.1    1.9  2  Peptidase_C3   3C cysteine protease (picornain 3C)
  ------ inclusion threshold ------
       0.13   13.4   0.0       0.33   12.1   0.0    1.6  1  DUF8020        Domain of unknown function (DUF8020)
       0.17   12.9   1.3       0.66   11.1   1.3    2.1  1  Lzipper-MIP1   Leucine-zipper of ternary complex factor MIP1


Domain annotation for each model:
>> Astro_1A  Astrovirus transmembrane protein 1A
   #    score  bias  c-Evalue  i-Evalue hmmfrom  hmm to    alifrom  ali to    envfrom  env to     acc
 ---   ------ ----- --------- --------- ------- -------    ------- -------    ------- -------    ----
   1 !  286.6  11.0   9.7e-89   2.9e-85       4     244 .]     179     419 ..     177     419 .. 0.99

>> Astrovir_pp_1  Astroviridae polyprotein 1
   #    score  bias  c-Evalue  i-Evalue hmmfrom  hmm to    alifrom  ali to    envfrom  env to     acc
 ---   ------ ----- --------- --------- ------- -------    ------- -------    ------- -------    ----
   1 !  167.3   4.0   1.4e-52   4.1e-49      38     170 ..     771     902 ..     742     908 .. 0.79

>> RdRP_1  Viral RNA-dependent RNA polymerase
   #    score  bias  c-Evalue  i-Evalue hmmfrom  hmm to    alifrom  ali to    envfrom  env to     acc
 ---   ------ ----- --------- --------- ------- -------    ------- -------    ------- -------    ----
   1 !  131.4   0.1     2e-41   5.9e-38     139     428 ..    1068    1358 ..    1025    1378 .. 0.87

>> Astro_p19  Astrovirus p19 protein
   #    score  bias  c-Evalue  i-Evalue hmmfrom  hmm to    alifrom  ali to    envfrom  env to     acc
 ---   ------ ----- --------- --------- ------- -------    ------- -------    ------- -------    ----
   1 !  100.8   0.0     3e-32   9.1e-29       7     172 ..       2     170 ..       1     172 [. 0.91

>> Astro_VPg  Astrovirus VPg protein
   #    score  bias  c-Evalue  i-Evalue hmmfrom  hmm to    alifrom  ali to    envfrom  env to     acc
 ---   ------ ----- --------- --------- ------- -------    ------- -------    ------- -------    ----
   1 ?   -3.2   0.1         9   2.7e+04      38      63 ..     605     630 ..     593     638 .. 0.70
   2 !   72.6   8.1   2.3e-23   6.9e-20       1      96 [.     648     732 ..     648     740 .. 0.85

>> Trypsin_2  Trypsin-like peptidase domain
   #    score  bias  c-Evalue  i-Evalue hmmfrom  hmm to    alifrom  ali to    envfrom  env to     acc
 ---   ------ ----- --------- --------- ------- -------    ------- -------    ------- -------    ----
   1 !   40.2   0.3     3e-13   8.9e-10       1     144 [.     446     563 ..     446     563 .. 0.85

>> Peptidase_S32  Equine arteritis virus serine endopeptidase S32
   #    score  bias  c-Evalue  i-Evalue hmmfrom  hmm to    alifrom  ali to    envfrom  env to     acc
 ---   ------ ----- --------- --------- ------- -------    ------- -------    ------- -------    ----
   1 !   15.9   0.3   3.1e-06    0.0092     126     236 ..     454     576 ..     436     589 .. 0.69

>> Peptidase_C3  3C cysteine protease (picornain 3C)
   #    score  bias  c-Evalue  i-Evalue hmmfrom  hmm to    alifrom  ali to    envfrom  env to     acc
 ---   ------ ----- --------- --------- ------- -------    ------- -------    ------- -------    ----
   1 !   15.0   0.1     1e-05      0.03     132     165 ..     535     569 ..     506     570 .. 0.77
   2 ?   -3.0   0.0       3.5   1.1e+04     134     148 ..    1121    1135 ..    1100    1137 .. 0.82

>> DUF8020  Domain of unknown function (DUF8020)
   #    score  bias  c-Evalue  i-Evalue hmmfrom  hmm to    alifrom  ali to    envfrom  env to     acc
 ---   ------ ----- --------- --------- ------- -------    ------- -------    ------- -------    ----
   1 ?   12.1   0.0   0.00011      0.33      27      51 ..     387     411 ..     377     413 .. 0.83

>> Lzipper-MIP1  Leucine-zipper of ternary complex factor MIP1
   #    score  bias  c-Evalue  i-Evalue hmmfrom  hmm to    alifrom  ali to    envfrom  env to     acc
 ---   ------ ----- --------- --------- ------- -------    ------- -------    ------- -------    ----
   1 ?   11.1   1.3   0.00022      0.66       4      60 ..     586     640 ..     583     648 .. 0.79



Internal pipeline statistics summary:
-------------------------------------
Query sequence(s):                         1  (1412 residues searched)
Target model(s):                       30134  (4754065 nodes)
Passed MSV filter:                      1081  (0.0358731); expected 602.7 (0.02)
Passed bias filter:                      708  (0.0234951); expected 602.7 (0.02)
Passed Vit filter:                        65  (0.00215703); expected 30.1 (0.001)
Passed Fwd filter:                        12  (0.000398221); expected 0.3 (1e-05)
Initial search space (Z):              30134  [actual number of targets]
Domain search space  (domZ):              10  [number of targets reported over threshold]
# CPU time: 0.48u 0.18s 00:00:00.65 Elapsed: 00:00:00.77
# Mc/sec: 8703.46
//
Query:       OM451148.1_2  [L=807]
Description: # 4265 # 6685 # 1 # ID=37_2;partial=00;start_type=ATG;rbs_motif=AGGAG(G)/GGAGG;rbs_spacer=13-15bp;genetic_code=11;gc_cont=0.516
Scores for complete sequence (score includes all domains):
   --- full sequence ---   --- best 1 domain ---    -#dom-
    E-value  score  bias    E-value  score  bias    exp  N  Model          Description
    ------- ------ -----    ------- ------ -----   ---- --  --------       -----------
     7e-101  337.5   4.1     7e-101  337.5   4.1    2.2  3  Astro_capsid_N  Astrovirus capsid protein nucleoplasmin-like 
    4.2e-71  240.7   0.0    6.6e-71  240.1   0.0    1.2  1  Astro_capsid_p  Turkey astrovirus capsid protein
    2.1e-06   28.6   0.1      5e-05   24.1   0.0    2.5  2  SP2_M           Structural protein 2 second domain
  ------ inclusion threshold ------
       0.12   12.2   6.3       0.17   11.7   6.3    1.2  1  CoV_nucleocap   Coronavirus nucleocapsid


Domain annotation for each model:
>> Astro_capsid_N  Astrovirus capsid protein nucleoplasmin-like domain
   #    score  bias  c-Evalue  i-Evalue hmmfrom  hmm to    alifrom  ali to    envfrom  env to     acc
 ---   ------ ----- --------- --------- ------- -------    ------- -------    ------- -------    ----
   1 !  337.5   4.1  9.3e-105    7e-101       1     249 []      18     259 ..      18     259 .. 1.00
   2 ?   -4.0   0.0       1.7   1.2e+04      70      84 ..     416     430 ..     398     439 .. 0.69
   3 ?   -1.0   0.0       0.2   1.5e+03      57      79 ..     517     539 ..     513     549 .. 0.86

>> Astro_capsid_p  Turkey astrovirus capsid protein
   #    score  bias  c-Evalue  i-Evalue hmmfrom  hmm to    alifrom  ali to    envfrom  env to     acc
 ---   ------ ----- --------- --------- ------- -------    ------- -------    ------- -------    ----
   1 !  240.1   0.0   8.8e-75   6.6e-71      13     363 .]     444     806 ..     429     806 .. 0.86

>> SP2_M  Structural protein 2 second domain
   #    score  bias  c-Evalue  i-Evalue hmmfrom  hmm to    alifrom  ali to    envfrom  env to     acc
 ---   ------ ----- --------- --------- ------- -------    ------- -------    ------- -------    ----
   1 !   24.1   0.0   6.7e-09     5e-05      40     114 ..     312     383 ..     295     395 .. 0.82
   2 ?    1.6   0.0      0.06   4.6e+02      35      64 ..     398     424 ..     385     429 .. 0.78

>> CoV_nucleocap  Coronavirus nucleocapsid
   #    score  bias  c-Evalue  i-Evalue hmmfrom  hmm to    alifrom  ali to    envfrom  env to     acc
 ---   ------ ----- --------- --------- ------- -------    ------- -------    ------- -------    ----
   1 ?   11.7   6.3   2.3e-05      0.17     125     195 ..       4      81 ..       1     102 [. 0.67



Internal pipeline statistics summary:
-------------------------------------
Query sequence(s):                         1  (807 residues searched)
Target model(s):                       30134  (4754065 nodes)
Passed MSV filter:                      1168  (0.0387602); expected 602.7 (0.02)
Passed bias filter:                      845  (0.0280414); expected 602.7 (0.02)
Passed Vit filter:                        75  (0.00248888); expected 30.1 (0.001)
Passed Fwd filter:                         7  (0.000232296); expected 0.3 (1e-05)
Initial search space (Z):              30134  [actual number of targets]
Domain search space  (domZ):               4  [number of targets reported over threshold]
# CPU time: 0.40u 0.16s 00:00:00.56 Elapsed: 00:00:00.67
# Mc/sec: 5701.76
//
Query:       OM451116.1_1  [L=1384]
Description: # 2 # 4153 # 1 # ID=38_1;partial=10;start_type=Edge;rbs_motif=None;rbs_spacer=None;genetic_code=11;gc_cont=0.515
Scores for complete sequence (score includes all domains):
   --- full sequence ---   --- best 1 domain ---    -#dom-
    E-value  score  bias    E-value  score  bias    exp  N  Model         Description
    ------- ------ -----    ------- ------ -----   ---- --  --------      -----------
    1.2e-43  150.2   0.0      2e-43  149.5   0.0    1.2  1  RdRP_1         Viral RNA-dependent RNA polymerase
    1.3e-12   49.2   5.3    1.3e-12   49.2   5.3    2.2  2  Astro_VPg      Astrovirus VPg protein
    2.6e-09   38.7   0.2    9.2e-09   36.9   0.1    2.0  2  Trypsin_2      Trypsin-like peptidase domain
    6.1e-09   36.7   9.1      1e-08   35.9   9.1    1.3  1  Astro_1A       Astrovirus transmembrane protein 1A
    1.8e-05   24.8   0.4    3.4e-05   23.9   0.4    1.4  1  Peptidase_S32  Equine arteritis virus serine endopeptidase S3
  ------ inclusion threshold ------
      0.017   16.2   1.9        3.3    8.9   0.2    2.5  2  DUF6952        Family of unknown function (DUF6952)
      0.026   14.7   0.0      0.047   13.8   0.0    1.4  1  Astro_p19      Astrovirus p19 protein
      0.028   15.1   0.5       0.17   12.5   0.1    2.2  2  Peptidase_C3   3C cysteine protease (picornain 3C)
      0.078   13.5   0.4       0.19   12.2   0.1    1.7  2  Trypsin        Trypsin
        1.2    9.6   3.8        2.1    8.9   0.0    2.5  2  BRE1B          BRE1B-like domain
        2.7    9.0   7.6         12    6.9   0.1    3.1  3  CCDC-167       Coiled-coil domain-containing protein 167


Domain annotation for each model:
>> RdRP_1  Viral RNA-dependent RNA polymerase
   #    score  bias  c-Evalue  i-Evalue hmmfrom  hmm to    alifrom  ali to    envfrom  env to     acc
 ---   ------ ----- --------- --------- ------- -------    ------- -------    ------- -------    ----
   1 !  149.5   0.0   7.1e-47     2e-43      46     444 ..     946    1348 ..     922    1353 .. 0.84

>> Astro_VPg  Astrovirus VPg protein
   #    score  bias  c-Evalue  i-Evalue hmmfrom  hmm to    alifrom  ali to    envfrom  env to     acc
 ---   ------ ----- --------- --------- ------- -------    ------- -------    ------- -------    ----
   1 !   49.2   5.3   4.8e-16   1.3e-12       1      85 [.     683     760 ..     683     777 .. 0.79
   2 ?   -2.0   0.1       4.2   1.2e+04      68      86 ..    1019    1035 ..    1012    1042 .. 0.77

>> Trypsin_2  Trypsin-like peptidase domain
   #    score  bias  c-Evalue  i-Evalue hmmfrom  hmm to    alifrom  ali to    envfrom  env to     acc
 ---   ------ ----- --------- --------- ------- -------    ------- -------    ------- -------    ----
   1 ?   -2.1   0.0       3.6   9.8e+03      10      50 ..      66      98 ..      62     150 .. 0.59
   2 !   36.9   0.1   3.3e-12   9.2e-09       1     145 []     466     585 ..     466     585 .. 0.84

>> Astro_1A  Astrovirus transmembrane protein 1A
   #    score  bias  c-Evalue  i-Evalue hmmfrom  hmm to    alifrom  ali to    envfrom  env to     acc
 ---   ------ ----- --------- --------- ------- -------    ------- -------    ------- -------    ----
   1 !   35.9   9.1   3.8e-12     1e-08      73     228 ..     262     417 ..     230     432 .. 0.85

>> Peptidase_S32  Equine arteritis virus serine endopeptidase S32
   #    score  bias  c-Evalue  i-Evalue hmmfrom  hmm to    alifrom  ali to    envfrom  env to     acc
 ---   ------ ----- --------- --------- ------- -------    ------- -------    ------- -------    ----
   1 !   23.9   0.4   1.2e-08   3.4e-05     125     228 ..     473     589 ..     446     600 .. 0.71

>> DUF6952  Family of unknown function (DUF6952)
   #    score  bias  c-Evalue  i-Evalue hmmfrom  hmm to    alifrom  ali to    envfrom  env to     acc
 ---   ------ ----- --------- --------- ------- -------    ------- -------    ------- -------    ----
   1 ?    6.3   0.1    0.0079        22       7      35 ..     613     644 ..     610     671 .. 0.80
   2 ?    8.9   0.2    0.0012       3.3       1      30 [.     793     824 ..     793     834 .. 0.86

>> Astro_p19  Astrovirus p19 protein
   #    score  bias  c-Evalue  i-Evalue hmmfrom  hmm to    alifrom  ali to    envfrom  env to     acc
 ---   ------ ----- --------- --------- ------- -------    ------- -------    ------- -------    ----
   1 ?   13.8   0.0   1.7e-05     0.047       7     162 ..       6     161 ..       1     171 [. 0.74

>> Peptidase_C3  3C cysteine protease (picornain 3C)
   #    score  bias  c-Evalue  i-Evalue hmmfrom  hmm to    alifrom  ali to    envfrom  env to     acc
 ---   ------ ----- --------- --------- ------- -------    ------- -------    ------- -------    ----
   1 ?   12.5   0.1   6.3e-05      0.17     129     165 ..     553     590 ..     545     591 .. 0.86
   2 ?   -0.3   0.0      0.58   1.6e+03     134     148 ..    1096    1110 ..    1081    1114 .. 0.86

>> Trypsin  Trypsin
   #    score  bias  c-Evalue  i-Evalue hmmfrom  hmm to    alifrom  ali to    envfrom  env to     acc
 ---   ------ ----- --------- --------- ------- -------    ------- -------    ------- -------    ----
   1 ?   12.2   0.1     7e-05      0.19      28     134 ..     467     557 ..     455     568 .. 0.72
   2 ?   -2.6   0.0       2.5   6.8e+03     177     198 ..     568     589 ..     550     596 .. 0.84

>> BRE1B  BRE1B-like domain
   #    score  bias  c-Evalue  i-Evalue hmmfrom  hmm to    alifrom  ali to    envfrom  env to     acc
 ---   ------ ----- --------- --------- ------- -------    ------- -------    ------- -------    ----
   1 ?    8.9   0.0   0.00076       2.1     108     146 ..     104     142 ..      98     146 .. 0.87
   2 ?   -1.3   2.6         1   2.9e+03      27      86 ..     617     677 ..     613     697 .. 0.55

>> CCDC-167  Coiled-coil domain-containing protein 167
   #    score  bias  c-Evalue  i-Evalue hmmfrom  hmm to    alifrom  ali to    envfrom  env to     acc
 ---   ------ ----- --------- --------- ------- -------    ------- -------    ------- -------    ----
   1 ?    6.9   0.1    0.0045        12      36      63 ..     111     138 ..     100     142 .. 0.91
   2 ?    3.0   2.7     0.073     2e+02      10      57 ..     618     685 ..     613     699 .. 0.78
   3 ?   -2.4   0.0       3.7     1e+04      51      64 ..    1090    1103 ..    1081    1104 .. 0.87



Internal pipeline statistics summary:
-------------------------------------
Query sequence(s):                         1  (1384 residues searched)
Target model(s):                       30134  (4754065 nodes)
Passed MSV filter:                      1336  (0.0443353); expected 602.7 (0.02)
Passed bias filter:                      916  (0.0303976); expected 602.7 (0.02)
Passed Vit filter:                       100  (0.00331851); expected 30.1 (0.001)
Passed Fwd filter:                        14  (0.000464591); expected 0.3 (1e-05)
Initial search space (Z):              30134  [actual number of targets]
Domain search space  (domZ):              11  [number of targets reported over threshold]
# CPU time: 0.60u 0.14s 00:00:00.74 Elapsed: 00:00:00.93
# Mc/sec: 7065.93
//
Query:       OM451116.1_2  [L=837]
Description: # 4146 # 6656 # 1 # ID=38_2;partial=00;start_type=ATG;rbs_motif=TAT;rbs_spacer=3bp;genetic_code=11;gc_cont=0.557
Scores for complete sequence (score includes all domains):
   --- full sequence ---   --- best 1 domain ---    -#dom-
    E-value  score  bias    E-value  score  bias    exp  N  Model          Description
    ------- ------ -----    ------- ------ -----   ---- --  --------       -----------
    3.5e-55  187.8   3.8    7.2e-55  186.8   3.8    1.6  1  Astro_capsid_N  Astrovirus capsid protein nucleoplasmin-like 
    4.7e-05   23.4   0.0    4.7e-05   23.4   0.0    2.4  2  Astro_capsid_p  Turkey astrovirus capsid protein
    0.00021   22.1   0.0    0.00059   20.6   0.0    1.7  1  SP2_M           Structural protein 2 second domain


Domain annotation for each model:
>> Astro_capsid_N  Astrovirus capsid protein nucleoplasmin-like domain
   #    score  bias  c-Evalue  i-Evalue hmmfrom  hmm to    alifrom  ali to    envfrom  env to     acc
 ---   ------ ----- --------- --------- ------- -------    ------- -------    ------- -------    ----
   1 !  186.8   3.8   7.2e-59   7.2e-55      62     249 .]      68     252 ..       4     252 .. 0.88

>> Astro_capsid_p  Turkey astrovirus capsid protein
   #    score  bias  c-Evalue  i-Evalue hmmfrom  hmm to    alifrom  ali to    envfrom  env to     acc
 ---   ------ ----- --------- --------- ------- -------    ------- -------    ------- -------    ----
   1 ?   -0.8   2.9      0.11   1.1e+03     180     262 ..     647     734 ..     596     737 .. 0.47
   2 !   23.4   0.0   4.7e-09   4.7e-05     293     363 .]     774     836 ..     769     836 .. 0.93

>> SP2_M  Structural protein 2 second domain
   #    score  bias  c-Evalue  i-Evalue hmmfrom  hmm to    alifrom  ali to    envfrom  env to     acc
 ---   ------ ----- --------- --------- ------- -------    ------- -------    ------- -------    ----
   1 !   20.6   0.0   5.9e-08   0.00059      54     127 ..     300     380 ..     277     390 .. 0.74



Internal pipeline statistics summary:
-------------------------------------
Query sequence(s):                         1  (837 residues searched)
Target model(s):                       30134  (4754065 nodes)
Passed MSV filter:                       815  (0.0270459); expected 602.7 (0.02)
Passed bias filter:                      561  (0.0186168); expected 602.7 (0.02)
Passed Vit filter:                        41  (0.00136059); expected 30.1 (0.001)
Passed Fwd filter:                         3  (9.95553e-05); expected 0.3 (1e-05)
Initial search space (Z):              30134  [actual number of targets]
Domain search space  (domZ):               3  [number of targets reported over threshold]
# CPU time: 0.35u 0.14s 00:00:00.49 Elapsed: 00:00:00.66
# Mc/sec: 5975.13
//
Query:       OM451114.1_1  [L=1363]
Description: # 1 # 4089 # 1 # ID=39_1;partial=10;start_type=Edge;rbs_motif=None;rbs_spacer=None;genetic_code=11;gc_cont=0.443
Scores for complete sequence (score includes all domains):
   --- full sequence ---   --- best 1 domain ---    -#dom-
    E-value  score  bias    E-value  score  bias    exp  N  Model         Description
    ------- ------ -----    ------- ------ -----   ---- --  --------      -----------
    6.7e-46  157.6   0.3    1.4e-45  156.6   0.0    1.6  2  RdRP_1         Viral RNA-dependent RNA polymerase
    2.2e-13   51.9   2.2    4.4e-13   50.9   2.2    1.5  1  Trypsin_2      Trypsin-like peptidase domain
    3.3e-11   44.1   7.3    6.5e-11   43.1   7.3    1.4  1  Astro_1A       Astrovirus transmembrane protein 1A
    1.7e-07   31.5   1.9    1.7e-07   31.5   1.9    1.5  2  Peptidase_S32  Equine arteritis virus serine endopeptidase S3
    1.6e-05   26.4   5.0    1.6e-05   26.4   5.0    2.3  3  Astro_VPg      Astrovirus VPg protein
  ------ inclusion threshold ------
       0.03   15.0   3.8       0.86   10.3   0.1    3.3  3  Peptidase_C3   3C cysteine protease (picornain 3C)
        0.3   11.6   2.6        7.8    7.0   2.6    2.4  1  Trypsin        Trypsin
          9    7.7   7.6        5.4    8.4   0.0    3.3  3  SLS1_N         SLS1 protein N-terminal domain


Domain annotation for each model:
>> RdRP_1  Viral RNA-dependent RNA polymerase
   #    score  bias  c-Evalue  i-Evalue hmmfrom  hmm to    alifrom  ali to    envfrom  env to     acc
 ---   ------ ----- --------- --------- ------- -------    ------- -------    ------- -------    ----
   1 ?   -3.5   0.1       1.4   5.1e+03     285     302 ..     551     567 ..     548     570 .. 0.76
   2 !  156.6   0.0   3.8e-49   1.4e-45      21     393 ..     886    1269 ..     870    1285 .. 0.81

>> Trypsin_2  Trypsin-like peptidase domain
   #    score  bias  c-Evalue  i-Evalue hmmfrom  hmm to    alifrom  ali to    envfrom  env to     acc
 ---   ------ ----- --------- --------- ------- -------    ------- -------    ------- -------    ----
   1 !   50.9   2.2   1.2e-16   4.4e-13       1     145 []     452     572 ..     441     572 .. 0.90

>> Astro_1A  Astrovirus transmembrane protein 1A
   #    score  bias  c-Evalue  i-Evalue hmmfrom  hmm to    alifrom  ali to    envfrom  env to     acc
 ---   ------ ----- --------- --------- ------- -------    ------- -------    ------- -------    ----
   1 !   43.1   7.3   1.7e-14   6.5e-11      72     225 ..     251     404 ..     241     428 .. 0.78

>> Peptidase_S32  Equine arteritis virus serine endopeptidase S32
   #    score  bias  c-Evalue  i-Evalue hmmfrom  hmm to    alifrom  ali to    envfrom  env to     acc
 ---   ------ ----- --------- --------- ------- -------    ------- -------    ------- -------    ----
   1 ?   -5.2   1.3       6.8   2.5e+04       8      51 ..     324     366 ..     321     373 .. 0.63
   2 !   31.5   1.9   4.6e-11   1.7e-07     100     240 ..     436     589 ..     423     635 .. 0.74

>> Astro_VPg  Astrovirus VPg protein
   #    score  bias  c-Evalue  i-Evalue hmmfrom  hmm to    alifrom  ali to    envfrom  env to     acc
 ---   ------ ----- --------- --------- ------- -------    ------- -------    ------- -------    ----
   1 !   26.4   5.0   4.2e-09   1.6e-05       3      88 ..     653     722 ..     651     735 .. 0.72
   2 ?   -3.5   0.3         8     3e+04      35      85 ..     767     817 ..     763     819 .. 0.69
   3 ?   -4.3   0.2         8     3e+04      61      73 ..     996    1006 ..     992    1009 .. 0.75

>> Peptidase_C3  3C cysteine protease (picornain 3C)
   #    score  bias  c-Evalue  i-Evalue hmmfrom  hmm to    alifrom  ali to    envfrom  env to     acc
 ---   ------ ----- --------- --------- ------- -------    ------- -------    ------- -------    ----
   1 ?    3.6   0.1     0.025        95      13      90 ..     349     431 ..     337     467 .. 0.73
   2 ?   10.3   0.1   0.00023      0.86     132     165 ..     543     577 ..     486     578 .. 0.82
   3 ?   -0.0   0.1      0.33   1.2e+03     136     148 ..    1065    1077 ..    1041    1079 .. 0.86

>> Trypsin  Trypsin
   #    score  bias  c-Evalue  i-Evalue hmmfrom  hmm to    alifrom  ali to    envfrom  env to     acc
 ---   ------ ----- --------- --------- ------- -------    ------- -------    ------- -------    ----
   1 ?    7.0   2.6    0.0021       7.8      26      62 ..     451     487 ..     434     588 .. 0.81

>> SLS1_N  SLS1 protein N-terminal domain
   #    score  bias  c-Evalue  i-Evalue hmmfrom  hmm to    alifrom  ali to    envfrom  env to     acc
 ---   ------ ----- --------- --------- ------- -------    ------- -------    ------- -------    ----
   1 ?    2.0   0.2      0.14   5.2e+02       4      41 ..     122     158 ..     119     165 .. 0.86
   2 ?    8.4   0.0    0.0014       5.4      26      64 ..     678     717 ..     653     760 .. 0.72
   3 ?   -1.6   1.0       1.9     7e+03      22      57 ..     807     842 ..     765     872 .. 0.61



Internal pipeline statistics summary:
-------------------------------------
Query sequence(s):                         1  (1363 residues searched)
Target model(s):                       30134  (4754065 nodes)
Passed MSV filter:                      2128  (0.0706179); expected 602.7 (0.02)
Passed bias filter:                     1361  (0.0451649); expected 602.7 (0.02)
Passed Vit filter:                       133  (0.00441362); expected 30.1 (0.001)
Passed Fwd filter:                         8  (0.000265481); expected 0.3 (1e-05)
Initial search space (Z):              30134  [actual number of targets]
Domain search space  (domZ):               8  [number of targets reported over threshold]
# CPU time: 0.70u 0.15s 00:00:00.85 Elapsed: 00:00:01.00
# Mc/sec: 6437.39
//
Query:       OM451114.1_2  [L=733]
Description: # 4218 # 6416 # 1 # ID=39_2;partial=00;start_type=ATG;rbs_motif=AGxAGG/AGGxGG;rbs_spacer=5-10bp;genetic_code=11;gc_cont=0.476
Scores for complete sequence (score includes all domains):
   --- full sequence ---   --- best 1 domain ---    -#dom-
    E-value  score  bias    E-value  score  bias    exp  N  Model          Description
    ------- ------ -----    ------- ------ -----   ---- --  --------       -----------
    1.5e-58  198.9   0.1    2.3e-58  198.2   0.1    1.3  1  Astro_capsid_N  Astrovirus capsid protein nucleoplasmin-like 
    3.9e-05   24.5   0.0    7.9e-05   23.5   0.0    1.4  1  SP2_M           Structural protein 2 second domain


Domain annotation for each model:
>> Astro_capsid_N  Astrovirus capsid protein nucleoplasmin-like domain
   #    score  bias  c-Evalue  i-Evalue hmmfrom  hmm to    alifrom  ali to    envfrom  env to     acc
 ---   ------ ----- --------- --------- ------- -------    ------- -------    ------- -------    ----
   1 !  198.2   0.1   1.5e-62   2.3e-58      32     249 .]       4     214 ..       1     214 [. 0.96

>> SP2_M  Structural protein 2 second domain
   #    score  bias  c-Evalue  i-Evalue hmmfrom  hmm to    alifrom  ali to    envfrom  env to     acc
 ---   ------ ----- --------- --------- ------- -------    ------- -------    ------- -------    ----
   1 !   23.5   0.0   5.2e-09   7.9e-05      22     115 ..     243     339 ..     234     351 .. 0.85



Internal pipeline statistics summary:
-------------------------------------
Query sequence(s):                         1  (733 residues searched)
Target model(s):                       30134  (4754065 nodes)
Passed MSV filter:                       679  (0.0225327); expected 602.7 (0.02)
Passed bias filter:                      580  (0.0192474); expected 602.7 (0.02)
Passed Vit filter:                        37  (0.00122785); expected 30.1 (0.001)
Passed Fwd filter:                         2  (6.63702e-05); expected 0.3 (1e-05)
Initial search space (Z):              30134  [actual number of targets]
Domain search space  (domZ):               2  [number of targets reported over threshold]
# CPU time: 0.34u 0.11s 00:00:00.45 Elapsed: 00:00:00.51
# Mc/sec: 6779.89
//
Query:       OM451113.1_1  [L=1364]
Description: # 99 # 4190 # 1 # ID=40_1;partial=00;start_type=ATG;rbs_motif=GGA/GAG/AGG;rbs_spacer=5-10bp;genetic_code=11;gc_cont=0.438
Scores for complete sequence (score includes all domains):
   --- full sequence ---   --- best 1 domain ---    -#dom-
    E-value  score  bias    E-value  score  bias    exp  N  Model         Description
    ------- ------ -----    ------- ------ -----   ---- --  --------      -----------
      2e-45  156.1   8.6    3.2e-45  155.5   8.6    1.3  1  Astro_1A       Astrovirus transmembrane protein 1A
    3.4e-45  155.3   0.1    6.8e-45  154.3   0.1    1.4  1  RdRP_1         Viral RNA-dependent RNA polymerase
    4.1e-36  125.0   0.2      1e-35  123.8   0.2    1.6  1  Astrovir_pp_1  Astroviridae polyprotein 1
    7.5e-32  110.9   0.0    1.9e-31  109.5   0.0    1.7  1  Astro_p19      Astrovirus p19 protein
    1.7e-16   61.7   6.5    5.3e-16   60.1   6.5    1.9  1  Astro_VPg      Astrovirus VPg protein
      3e-10   41.7   0.4    5.3e-10   40.9   0.4    1.5  1  Trypsin_2      Trypsin-like peptidase domain
     0.0023   18.6   0.0     0.0023   18.6   0.0    1.9  2  Peptidase_C3   3C cysteine protease (picornain 3C)
  ------ inclusion threshold ------
       0.42   11.2   0.8        1.2    9.8   0.0    2.1  2  HTH_25         Helix-turn-helix domain
        1.2    8.8   3.7          2    8.1   3.7    1.2  1  eIF-4B         Plant specific eukaryotic initiation factor 4B
        2.6    9.0  10.7        2.7    9.0   2.1    2.4  2  Rab11-FIP3     Rab11-FIP3-like domain
        4.6    8.4   6.0       0.52   11.5   0.5    2.3  3  SR_plectin_7   Spectrin repeat


Domain annotation for each model:
>> Astro_1A  Astrovirus transmembrane protein 1A
   #    score  bias  c-Evalue  i-Evalue hmmfrom  hmm to    alifrom  ali to    envfrom  env to     acc
 ---   ------ ----- --------- --------- ------- -------    ------- -------    ------- -------    ----
   1 !  155.5   8.6   1.2e-48   3.2e-45      12     244 .]     171     403 ..     161     403 .. 0.98

>> RdRP_1  Viral RNA-dependent RNA polymerase
   #    score  bias  c-Evalue  i-Evalue hmmfrom  hmm to    alifrom  ali to    envfrom  env to     acc
 ---   ------ ----- --------- --------- ------- -------    ------- -------    ------- -------    ----
   1 !  154.3   0.1   2.5e-48   6.8e-45     140     392 ..    1021    1272 ..     985    1300 .. 0.91

>> Astrovir_pp_1  Astroviridae polyprotein 1
   #    score  bias  c-Evalue  i-Evalue hmmfrom  hmm to    alifrom  ali to    envfrom  env to     acc
 ---   ------ ----- --------- --------- ------- -------    ------- -------    ------- -------    ----
   1 !  123.8   0.2   3.7e-39     1e-35      55     169 ..     742     858 ..     714     860 .. 0.82

>> Astro_p19  Astrovirus p19 protein
   #    score  bias  c-Evalue  i-Evalue hmmfrom  hmm to    alifrom  ali to    envfrom  env to     acc
 ---   ------ ----- --------- --------- ------- -------    ------- -------    ------- -------    ----
   1 !  109.5   0.0   6.9e-35   1.9e-31      22     172 ..       1     150 [.       1     152 [. 0.95

>> Astro_VPg  Astrovirus VPg protein
   #    score  bias  c-Evalue  i-Evalue hmmfrom  hmm to    alifrom  ali to    envfrom  env to     acc
 ---   ------ ----- --------- --------- ------- -------    ------- -------    ------- -------    ----
   1 !   60.1   6.5   1.9e-19   5.3e-16       1      92 [.     634     716 ..     634     722 .. 0.91

>> Trypsin_2  Trypsin-like peptidase domain
   #    score  bias  c-Evalue  i-Evalue hmmfrom  hmm to    alifrom  ali to    envfrom  env to     acc
 ---   ------ ----- --------- --------- ------- -------    ------- -------    ------- -------    ----
   1 !   40.9   0.4   1.9e-13   5.3e-10       1     145 []     429     547 ..     429     547 .. 0.86

>> Peptidase_C3  3C cysteine protease (picornain 3C)
   #    score  bias  c-Evalue  i-Evalue hmmfrom  hmm to    alifrom  ali to    envfrom  env to     acc
 ---   ------ ----- --------- --------- ------- -------    ------- -------    ------- -------    ----
   1 ?   -4.1   0.6       8.1   2.2e+04     147     161 ..     434     448 ..     431     448 .. 0.93
   2 !   18.6   0.0   8.5e-07    0.0023     126     165 ..     512     552 ..     470     553 .. 0.79

>> HTH_25  Helix-turn-helix domain
   #    score  bias  c-Evalue  i-Evalue hmmfrom  hmm to    alifrom  ali to    envfrom  env to     acc
 ---   ------ ----- --------- --------- ------- -------    ------- -------    ------- -------    ----
   1 ?   -1.9   0.4         2   5.4e+03       4      25 ..     615     636 ..     614     637 .. 0.89
   2 ?    9.8   0.0   0.00044       1.2      20      44 ..     806     830 ..     803     834 .. 0.86

>> eIF-4B  Plant specific eukaryotic initiation factor 4B
   #    score  bias  c-Evalue  i-Evalue hmmfrom  hmm to    alifrom  ali to    envfrom  env to     acc
 ---   ------ ----- --------- --------- ------- -------    ------- -------    ------- -------    ----
   1 ?    8.1   3.7   0.00072         2     372     456 ..     570     654 ..     562     672 .. 0.80

>> Rab11-FIP3  Rab11-FIP3-like domain
   #    score  bias  c-Evalue  i-Evalue hmmfrom  hmm to    alifrom  ali to    envfrom  env to     acc
 ---   ------ ----- --------- --------- ------- -------    ------- -------    ------- -------    ----
   1 ?    4.5   1.6     0.025        68      55      92 ..      86     123 ..      75     130 .. 0.85
   2 ?    9.0   2.1   0.00097       2.7      72     123 ..     576     627 ..     572     629 .. 0.94

>> SR_plectin_7  Spectrin repeat
   #    score  bias  c-Evalue  i-Evalue hmmfrom  hmm to    alifrom  ali to    envfrom  env to     acc
 ---   ------ ----- --------- --------- ------- -------    ------- -------    ------- -------    ----
   1 ?   -2.4   0.2       3.7     1e+04      34      71 ..      84     123 ..      75     128 .. 0.59
   2 ?   11.5   0.5   0.00019      0.52      51     103 ..     576     633 ..     566     635 .. 0.83
   3 ?   -3.7   0.0       9.8   2.7e+04       8      25 ..    1126    1143 ..    1121    1147 .. 0.82



Internal pipeline statistics summary:
-------------------------------------
Query sequence(s):                         1  (1364 residues searched)
Target model(s):                       30134  (4754065 nodes)
Passed MSV filter:                      1859  (0.0616911); expected 602.7 (0.02)
Passed bias filter:                     1351  (0.0448331); expected 602.7 (0.02)
Passed Vit filter:                       137  (0.00454636); expected 30.1 (0.001)
Passed Fwd filter:                        12  (0.000398221); expected 0.3 (1e-05)
Initial search space (Z):              30134  [actual number of targets]
Domain search space  (domZ):              11  [number of targets reported over threshold]
# CPU time: 0.67u 0.15s 00:00:00.82 Elapsed: 00:00:00.96
# Mc/sec: 6718.36
//
Query:       OM451113.1_2  [L=731]
Description: # 4183 # 6375 # 1 # ID=40_2;partial=01;start_type=ATG;rbs_motif=None;rbs_spacer=None;genetic_code=11;gc_cont=0.472
Scores for complete sequence (score includes all domains):
   --- full sequence ---   --- best 1 domain ---    -#dom-
    E-value  score  bias    E-value  score  bias    exp  N  Model                 Description
    ------- ------ -----    ------- ------ -----   ---- --  --------              -----------
    2.5e-77  260.4   3.9    3.7e-77  259.8   3.9    1.3  1  Astro_capsid_N         Astrovirus capsid protein nucleoplasmi
    5.5e-10   39.7   5.3    3.8e-09   36.9   5.3    2.1  1  Astro_capsid_p         Turkey astrovirus capsid protein
    1.3e-05   25.7   0.1    5.5e-05   23.6   0.1    2.0  1  SP2                    Structural protein 2 nucleoplasmin-lik
    0.00048   20.9   0.0     0.0018   19.1   0.0    1.9  2  SP2_M                  Structural protein 2 second domain
     0.0066   16.6   0.0      0.012   15.8   0.0    1.3  1  Pel9A-like_beta_helix  Pel9A-like, right handed beta helix re
  ------ inclusion threshold ------
      0.074   12.9   4.3       0.11   12.3   4.3    1.2  1  CoV_nucleocap          Coronavirus nucleocapsid


Domain annotation for each model:
>> Astro_capsid_N  Astrovirus capsid protein nucleoplasmin-like domain
   #    score  bias  c-Evalue  i-Evalue hmmfrom  hmm to    alifrom  ali to    envfrom  env to     acc
 ---   ------ ----- --------- --------- ------- -------    ------- -------    ------- -------    ----
   1 !  259.8   3.9   7.4e-81   3.7e-77       4     249 .]      17     257 ..      14     257 .. 0.94

>> Astro_capsid_p  Turkey astrovirus capsid protein
   #    score  bias  c-Evalue  i-Evalue hmmfrom  hmm to    alifrom  ali to    envfrom  env to     acc
 ---   ------ ----- --------- --------- ------- -------    ------- -------    ------- -------    ----
   1 !   36.9   5.3   7.5e-13   3.8e-09      48     314 ..     472     730 ..     454     731 .] 0.73

>> SP2  Structural protein 2 nucleoplasmin-like domain
   #    score  bias  c-Evalue  i-Evalue hmmfrom  hmm to    alifrom  ali to    envfrom  env to     acc
 ---   ------ ----- --------- --------- ------- -------    ------- -------    ------- -------    ----
   1 !   23.6   0.1   1.1e-08   5.5e-05      41     205 .]     107     257 ..      80     257 .. 0.80

>> SP2_M  Structural protein 2 second domain
   #    score  bias  c-Evalue  i-Evalue hmmfrom  hmm to    alifrom  ali to    envfrom  env to     acc
 ---   ------ ----- --------- --------- ------- -------    ------- -------    ------- -------    ----
   1 ?   -3.0   0.0       2.4   1.2e+04      41      57 ..     114     130 ..      81     136 .. 0.73
   2 !   19.1   0.0   3.5e-07    0.0018      52     115 ..     319     382 ..     288     395 .. 0.82

>> Pel9A-like_beta_helix  Pel9A-like, right handed beta helix region
   #    score  bias  c-Evalue  i-Evalue hmmfrom  hmm to    alifrom  ali to    envfrom  env to     acc
 ---   ------ ----- --------- --------- ------- -------    ------- -------    ------- -------    ----
   1 !   15.8   0.0   2.4e-06     0.012      21      77 ..     565     624 ..     555     639 .. 0.90

>> CoV_nucleocap  Coronavirus nucleocapsid
   #    score  bias  c-Evalue  i-Evalue hmmfrom  hmm to    alifrom  ali to    envfrom  env to     acc
 ---   ------ ----- --------- --------- ------- -------    ------- -------    ------- -------    ----
   1 ?   12.3   4.3   2.2e-05      0.11     125     195 ..       4      79 ..       1      94 [. 0.70



Internal pipeline statistics summary:
-------------------------------------
Query sequence(s):                         1  (731 residues searched)
Target model(s):                       30134  (4754065 nodes)
Passed MSV filter:                       734  (0.0243579); expected 602.7 (0.02)
Passed bias filter:                      529  (0.0175549); expected 602.7 (0.02)
Passed Vit filter:                        39  (0.00129422); expected 30.1 (0.001)
Passed Fwd filter:                         6  (0.000199111); expected 0.3 (1e-05)
Initial search space (Z):              30134  [actual number of targets]
Domain search space  (domZ):               6  [number of targets reported over threshold]
# CPU time: 0.33u 0.14s 00:00:00.47 Elapsed: 00:00:00.53
# Mc/sec: 6493.98
//
Query:       OM451109.1_1  [L=1384]
Description: # 3 # 4154 # 1 # ID=41_1;partial=10;start_type=Edge;rbs_motif=None;rbs_spacer=None;genetic_code=11;gc_cont=0.464
Scores for complete sequence (score includes all domains):
   --- full sequence ---   --- best 1 domain ---    -#dom-
    E-value  score  bias    E-value  score  bias    exp  N  Model           Description
    ------- ------ -----    ------- ------ -----   ---- --  --------        -----------
    4.9e-45  154.8   0.2    8.9e-45  153.9   0.0    1.5  2  RdRP_1           Viral RNA-dependent RNA polymerase
    3.9e-15   57.6   2.6    7.9e-15   56.6   2.6    1.6  1  Trypsin_2        Trypsin-like peptidase domain
      2e-09   38.2  10.8    3.2e-09   37.6  10.8    1.2  1  Astro_1A         Astrovirus transmembrane protein 1A
    7.2e-06   26.1   2.9    1.2e-05   25.4   2.9    1.3  1  Peptidase_S32    Equine arteritis virus serine endopeptidase 
      9e-05   24.0   0.7    0.00025   22.6   0.7    1.8  1  Astro_VPg        Astrovirus VPg protein
  ------ inclusion threshold ------
      0.075   13.6   0.5        1.4    9.4   0.0    2.2  2  Trypsin          Trypsin
        0.1   13.3   0.1       0.19   12.4   0.1    1.4  1  Peptidase_C3     3C cysteine protease (picornain 3C)
       0.72   11.0   3.5        2.2    9.4   3.5    1.8  1  Phage_holin_3_1  Phage holin family (Lysis protein S)


Domain annotation for each model:
>> RdRP_1  Viral RNA-dependent RNA polymerase
   #    score  bias  c-Evalue  i-Evalue hmmfrom  hmm to    alifrom  ali to    envfrom  env to     acc
 ---   ------ ----- --------- --------- ------- -------    ------- -------    ------- -------    ----
   1 ?   -4.2   0.1       2.3   8.7e+03     290     302 ..     533     544 ..     525     546 .. 0.76
   2 !  153.9   0.0   2.4e-48   8.9e-45      98     442 ..     994    1343 ..     908    1351 .. 0.82

>> Trypsin_2  Trypsin-like peptidase domain
   #    score  bias  c-Evalue  i-Evalue hmmfrom  hmm to    alifrom  ali to    envfrom  env to     acc
 ---   ------ ----- --------- --------- ------- -------    ------- -------    ------- -------    ----
   1 !   56.6   2.6   2.1e-18   7.9e-15       1     145 []     429     549 ..     429     549 .. 0.94

>> Astro_1A  Astrovirus transmembrane protein 1A
   #    score  bias  c-Evalue  i-Evalue hmmfrom  hmm to    alifrom  ali to    envfrom  env to     acc
 ---   ------ ----- --------- --------- ------- -------    ------- -------    ------- -------    ----
   1 !   37.6  10.8   8.5e-13   3.2e-09      72     230 ..     227     385 ..     196     402 .. 0.82

>> Peptidase_S32  Equine arteritis virus serine endopeptidase S32
   #    score  bias  c-Evalue  i-Evalue hmmfrom  hmm to    alifrom  ali to    envfrom  env to     acc
 ---   ------ ----- --------- --------- ------- -------    ------- -------    ------- -------    ----
   1 !   25.4   2.9   3.2e-09   1.2e-05      83     228 ..     395     553 ..     305     566 .. 0.67

>> Astro_VPg  Astrovirus VPg protein
   #    score  bias  c-Evalue  i-Evalue hmmfrom  hmm to    alifrom  ali to    envfrom  env to     acc
 ---   ------ ----- --------- --------- ------- -------    ------- -------    ------- -------    ----
   1 !   22.6   0.7   6.7e-08   0.00025       3      62 ..     631     681 ..     629     714 .. 0.76

>> Trypsin  Trypsin
   #    score  bias  c-Evalue  i-Evalue hmmfrom  hmm to    alifrom  ali to    envfrom  env to     acc
 ---   ------ ----- --------- --------- ------- -------    ------- -------    ------- -------    ----
   1 ?    9.4   0.0   0.00038       1.4      16      56 ..     420     458 ..     411     483 .. 0.77
   2 ?    2.0   0.2     0.067   2.5e+02     166     198 ..     520     553 ..     487     562 .. 0.77

>> Peptidase_C3  3C cysteine protease (picornain 3C)
   #    score  bias  c-Evalue  i-Evalue hmmfrom  hmm to    alifrom  ali to    envfrom  env to     acc
 ---   ------ ----- --------- --------- ------- -------    ------- -------    ------- -------    ----
   1 ?   12.4   0.1   5.1e-05      0.19     128     165 ..     516     554 ..     488     555 .. 0.84

>> Phage_holin_3_1  Phage holin family (Lysis protein S)
   #    score  bias  c-Evalue  i-Evalue hmmfrom  hmm to    alifrom  ali to    envfrom  env to     acc
 ---   ------ ----- --------- --------- ------- -------    ------- -------    ------- -------    ----
   1 ?    9.4   3.5    0.0006       2.2       6      76 ..     281     351 ..     277     354 .. 0.91



Internal pipeline statistics summary:
-------------------------------------
Query sequence(s):                         1  (1384 residues searched)
Target model(s):                       30134  (4754065 nodes)
Passed MSV filter:                      1265  (0.0419792); expected 602.7 (0.02)
Passed bias filter:                      716  (0.0237605); expected 602.7 (0.02)
Passed Vit filter:                        69  (0.00228977); expected 30.1 (0.001)
Passed Fwd filter:                         9  (0.000298666); expected 0.3 (1e-05)
Initial search space (Z):              30134  [actual number of targets]
Domain search space  (domZ):               8  [number of targets reported over threshold]
# CPU time: 0.54u 0.13s 00:00:00.67 Elapsed: 00:00:00.78
# Mc/sec: 8361.18
//
Query:       OM451109.1_2  [L=785]
Description: # 4147 # 6501 # 1 # ID=41_2;partial=00;start_type=ATG;rbs_motif=AGGAG(G)/GGAGG;rbs_spacer=13-15bp;genetic_code=11;gc_cont=0.504
Scores for complete sequence (score includes all domains):
   --- full sequence ---   --- best 1 domain ---    -#dom-
    E-value  score  bias    E-value  score  bias    exp  N  Model          Description
    ------- ------ -----    ------- ------ -----   ---- --  --------       -----------
    4.8e-63  213.5   0.4    8.4e-63  212.8   0.4    1.4  1  Astro_capsid_N  Astrovirus capsid protein nucleoplasmin-like 
     0.0037   18.1   0.0     0.0086   16.9   0.0    1.5  1  SP2_M           Structural protein 2 second domain
  ------ inclusion threshold ------
        8.1    7.2   5.7        6.8    7.4   2.5    2.1  2  DUF7500         Family of unknown function (DUF7500)


Domain annotation for each model:
>> Astro_capsid_N  Astrovirus capsid protein nucleoplasmin-like domain
   #    score  bias  c-Evalue  i-Evalue hmmfrom  hmm to    alifrom  ali to    envfrom  env to     acc
 ---   ------ ----- --------- --------- ------- -------    ------- -------    ------- -------    ----
   1 !  212.8   0.4   8.4e-67   8.4e-63       3     249 .]      12     251 ..      10     251 .. 0.92

>> SP2_M  Structural protein 2 second domain
   #    score  bias  c-Evalue  i-Evalue hmmfrom  hmm to    alifrom  ali to    envfrom  env to     acc
 ---   ------ ----- --------- --------- ------- -------    ------- -------    ------- -------    ----
   1 !   16.9   0.0   8.5e-07    0.0086      41     117 ..     296     371 ..     263     386 .. 0.76

>> DUF7500  Family of unknown function (DUF7500)
   #    score  bias  c-Evalue  i-Evalue hmmfrom  hmm to    alifrom  ali to    envfrom  env to     acc
 ---   ------ ----- --------- --------- ------- -------    ------- -------    ------- -------    ----
   1 ?    7.4   2.5   0.00068       6.8      46     109 ..      19      83 ..       2      86 .. 0.53
   2 ?    0.1   0.1      0.12   1.2e+03      44      80 ..     717     764 ..     680     782 .. 0.44



Internal pipeline statistics summary:
-------------------------------------
Query sequence(s):                         1  (785 residues searched)
Target model(s):                       30134  (4754065 nodes)
Passed MSV filter:                      1274  (0.0422778); expected 602.7 (0.02)
Passed bias filter:                      810  (0.0268799); expected 602.7 (0.02)
Passed Vit filter:                        85  (0.00282073); expected 30.1 (0.001)
Passed Fwd filter:                         4  (0.00013274); expected 0.3 (1e-05)
Initial search space (Z):              30134  [actual number of targets]
Domain search space  (domZ):               3  [number of targets reported over threshold]
# CPU time: 0.42u 0.12s 00:00:00.54 Elapsed: 00:00:00.63
# Mc/sec: 5853.80
//
Query:       OM451108.1_1  [L=687]
Description: # 1 # 2061 # 1 # ID=42_1;partial=10;start_type=Edge;rbs_motif=None;rbs_spacer=None;genetic_code=11;gc_cont=0.395
Scores for complete sequence (score includes all domains):
   --- full sequence ---   --- best 1 domain ---    -#dom-
    E-value  score  bias    E-value  score  bias    exp  N  Model                   Description
    ------- ------ -----    ------- ------ -----   ---- --  --------                -----------
    7.1e-40  137.8   0.4    1.1e-39  137.2   0.4    1.2  1  RdRP_1                   Viral RNA-dependent RNA polymerase
    1.4e-09   39.5   3.0      5e-09   37.7   3.0    2.1  1  Astro_VPg                Astrovirus VPg protein
  ------ inclusion threshold ------
       0.18   12.5   0.1       0.72   10.6   0.1    2.0  1  CARD                     Caspase recruitment domain
       0.31   11.2   0.2       0.64   10.2   0.2    1.5  1  HTH_Rpn_C                Rpn/YhgA-like nuclease family, C-ter
        1.4   10.0   3.6        1.7    9.7   0.0    2.9  4  PCNA-interact_regulator  PCNA-interacting regulator


Domain annotation for each model:
>> RdRP_1  Viral RNA-dependent RNA polymerase
   #    score  bias  c-Evalue  i-Evalue hmmfrom  hmm to    alifrom  ali to    envfrom  env to     acc
 ---   ------ ----- --------- --------- ------- -------    ------- -------    ------- -------    ----
   1 !  137.2   0.4   1.8e-43   1.1e-39     126     419 ..     338     625 ..     288     642 .. 0.84

>> Astro_VPg  Astrovirus VPg protein
   #    score  bias  c-Evalue  i-Evalue hmmfrom  hmm to    alifrom  ali to    envfrom  env to     acc
 ---   ------ ----- --------- --------- ------- -------    ------- -------    ------- -------    ----
   1 !   37.7   3.0   8.3e-13     5e-09      15     101 ..       3     103 ..       1     106 [. 0.60

>> CARD  Caspase recruitment domain
   #    score  bias  c-Evalue  i-Evalue hmmfrom  hmm to    alifrom  ali to    envfrom  env to     acc
 ---   ------ ----- --------- --------- ------- -------    ------- -------    ------- -------    ----
   1 ?   10.6   0.1   0.00012      0.72      30      61 ..      28      59 ..      24      64 .. 0.89

>> HTH_Rpn_C  Rpn/YhgA-like nuclease family, C-terminal HTH domain
   #    score  bias  c-Evalue  i-Evalue hmmfrom  hmm to    alifrom  ali to    envfrom  env to     acc
 ---   ------ ----- --------- --------- ------- -------    ------- -------    ------- -------    ----
   1 ?   10.2   0.2   0.00011      0.64       9      23 ..      35      49 ..      35      50 .. 0.89

>> PCNA-interact_regulator  PCNA-interacting regulator
   #    score  bias  c-Evalue  i-Evalue hmmfrom  hmm to    alifrom  ali to    envfrom  env to     acc
 ---   ------ ----- --------- --------- ------- -------    ------- -------    ------- -------    ----
   1 ?   -1.6   0.2      0.95   5.7e+03      11      41 ..     107     137 ..     100     138 .. 0.69
   2 ?    9.7   0.0   0.00028       1.7      16      49 ..     224     257 ..     217     267 .. 0.80
   3 ?   -2.5   0.1       1.8   1.1e+04      24      34 ..     469     479 ..     461     482 .. 0.80
   4 ?   -3.2   0.0       3.1   1.8e+04      40      57 ..     536     553 ..     536     556 .. 0.79



Internal pipeline statistics summary:
-------------------------------------
Query sequence(s):                         1  (687 residues searched)
Target model(s):                       30134  (4754065 nodes)
Passed MSV filter:                      1233  (0.0409172); expected 602.7 (0.02)
Passed bias filter:                      659  (0.021869); expected 602.7 (0.02)
Passed Vit filter:                        48  (0.00159289); expected 30.1 (0.001)
Passed Fwd filter:                         5  (0.000165926); expected 0.3 (1e-05)
Initial search space (Z):              30134  [actual number of targets]
Domain search space  (domZ):               5  [number of targets reported over threshold]
# CPU time: 0.35u 0.13s 00:00:00.48 Elapsed: 00:00:00.60
# Mc/sec: 5418.79
//
Query:       OM451108.1_2  [L=715]
Description: # 2067 # 4211 # 1 # ID=42_2;partial=00;start_type=ATG;rbs_motif=None;rbs_spacer=None;genetic_code=11;gc_cont=0.468
Scores for complete sequence (score includes all domains):
   --- full sequence ---   --- best 1 domain ---    -#dom-
    E-value  score  bias    E-value  score  bias    exp  N  Model          Description
    ------- ------ -----    ------- ------ -----   ---- --  --------       -----------
    1.4e-44  153.1   0.4    2.4e-44  152.3   0.4    1.3  1  Astro_capsid_N  Astrovirus capsid protein nucleoplasmin-like 
      1e-10   42.6   0.0    2.2e-10   41.5   0.0    1.5  1  SP2_M           Structural protein 2 second domain
  ------ inclusion threshold ------
      0.051   13.9   0.2        6.2    7.1   0.0    2.3  2  SP2             Structural protein 2 nucleoplasmin-like domai


Domain annotation for each model:
>> Astro_capsid_N  Astrovirus capsid protein nucleoplasmin-like domain
   #    score  bias  c-Evalue  i-Evalue hmmfrom  hmm to    alifrom  ali to    envfrom  env to     acc
 ---   ------ ----- --------- --------- ------- -------    ------- -------    ------- -------    ----
   1 !  152.3   0.4   2.4e-48   2.4e-44      28     249 .]      17     235 ..       7     235 .. 0.90

>> SP2_M  Structural protein 2 second domain
   #    score  bias  c-Evalue  i-Evalue hmmfrom  hmm to    alifrom  ali to    envfrom  env to     acc
 ---   ------ ----- --------- --------- ------- -------    ------- -------    ------- -------    ----
   1 !   41.5   0.0   2.2e-14   2.2e-10      22     129 ..     258     361 ..     245     367 .. 0.77

>> SP2  Structural protein 2 nucleoplasmin-like domain
   #    score  bias  c-Evalue  i-Evalue hmmfrom  hmm to    alifrom  ali to    envfrom  env to     acc
 ---   ------ ----- --------- --------- ------- -------    ------- -------    ------- -------    ----
   1 ?    7.1   0.0   0.00062       6.2      53      88 ..      98     132 ..      80     147 .. 0.77
   2 ?    4.5   0.1     0.004        40     160     205 .]     190     235 ..     175     235 .. 0.84



Internal pipeline statistics summary:
-------------------------------------
Query sequence(s):                         1  (715 residues searched)
Target model(s):                       30134  (4754065 nodes)
Passed MSV filter:                       932  (0.0309285); expected 602.7 (0.02)
Passed bias filter:                      647  (0.0214708); expected 602.7 (0.02)
Passed Vit filter:                        62  (0.00205748); expected 30.1 (0.001)
Passed Fwd filter:                         3  (9.95553e-05); expected 0.3 (1e-05)
Initial search space (Z):              30134  [actual number of targets]
Domain search space  (domZ):               3  [number of targets reported over threshold]
# CPU time: 0.38u 0.10s 00:00:00.48 Elapsed: 00:00:00.56
# Mc/sec: 5974.30
//
Query:       OM451107.1_1  [L=1309]
Description: # 2 # 3928 # 1 # ID=43_1;partial=10;start_type=Edge;rbs_motif=None;rbs_spacer=None;genetic_code=11;gc_cont=0.492
Scores for complete sequence (score includes all domains):
   --- full sequence ---   --- best 1 domain ---    -#dom-
    E-value  score  bias    E-value  score  bias    exp  N  Model         Description
    ------- ------ -----    ------- ------ -----   ---- --  --------      -----------
    1.2e-44  153.5   0.0    1.9e-44  152.9   0.0    1.2  1  RdRP_1         Viral RNA-dependent RNA polymerase
    8.9e-11   43.4   0.2    2.2e-10   42.2   0.2    1.7  1  Trypsin_2      Trypsin-like peptidase domain
    3.9e-10   41.2   1.0    9.3e-10   40.0   1.0    1.6  1  Astro_VPg      Astrovirus VPg protein
     0.0034   17.4   0.3      0.007   16.3   0.3    1.4  1  Peptidase_S32  Equine arteritis virus serine endopeptidase S3
     0.0062   17.0   6.4     0.0095   16.4   6.4    1.2  1  Astro_1A       Astrovirus transmembrane protein 1A
  ------ inclusion threshold ------
       0.12   12.9   0.3       0.68   10.4   0.0    2.1  2  Trypsin        Trypsin
        1.6    9.3   4.5        6.3    7.3   4.5    1.8  1  CCDC90-like    Coiled-coil domain-containing protein 90-like


Domain annotation for each model:
>> RdRP_1  Viral RNA-dependent RNA polymerase
   #    score  bias  c-Evalue  i-Evalue hmmfrom  hmm to    alifrom  ali to    envfrom  env to     acc
 ---   ------ ----- --------- --------- ------- -------    ------- -------    ------- -------    ----
   1 !  152.9   0.0   4.4e-48   1.9e-44      54     394 ..     881    1220 ..     851    1237 .. 0.84

>> Trypsin_2  Trypsin-like peptidase domain
   #    score  bias  c-Evalue  i-Evalue hmmfrom  hmm to    alifrom  ali to    envfrom  env to     acc
 ---   ------ ----- --------- --------- ------- -------    ------- -------    ------- -------    ----
   1 !   42.2   0.2     5e-14   2.2e-10       1     145 []     421     541 ..     421     541 .. 0.82

>> Astro_VPg  Astrovirus VPg protein
   #    score  bias  c-Evalue  i-Evalue hmmfrom  hmm to    alifrom  ali to    envfrom  env to     acc
 ---   ------ ----- --------- --------- ------- -------    ------- -------    ------- -------    ----
   1 !   40.0   1.0   2.2e-13   9.3e-10       1      90 [.     632     716 ..     632     726 .. 0.79

>> Peptidase_S32  Equine arteritis virus serine endopeptidase S32
   #    score  bias  c-Evalue  i-Evalue hmmfrom  hmm to    alifrom  ali to    envfrom  env to     acc
 ---   ------ ----- --------- --------- ------- -------    ------- -------    ------- -------    ----
   1 !   16.3   0.3   1.6e-06     0.007     125     238 ..     428     556 ..     405     561 .. 0.70

>> Astro_1A  Astrovirus transmembrane protein 1A
   #    score  bias  c-Evalue  i-Evalue hmmfrom  hmm to    alifrom  ali to    envfrom  env to     acc
 ---   ------ ----- --------- --------- ------- -------    ------- -------    ------- -------    ----
   1 !   16.4   6.4   2.2e-06    0.0095      72     243 ..     221     391 ..     187     392 .. 0.84

>> Trypsin  Trypsin
   #    score  bias  c-Evalue  i-Evalue hmmfrom  hmm to    alifrom  ali to    envfrom  env to     acc
 ---   ------ ----- --------- --------- ------- -------    ------- -------    ------- -------    ----
   1 ?   10.4   0.0   0.00016      0.68      26      98 ..     420     474 ..     406     489 .. 0.67
   2 ?   -0.6   0.0      0.36   1.6e+03     174     200 ..     521     547 ..     508     560 .. 0.75

>> CCDC90-like  Coiled-coil domain-containing protein 90-like
   #    score  bias  c-Evalue  i-Evalue hmmfrom  hmm to    alifrom  ali to    envfrom  env to     acc
 ---   ------ ----- --------- --------- ------- -------    ------- -------    ------- -------    ----
   1 ?    7.3   4.5    0.0015       6.3      76     115 ..     596     635 ..     570     657 .. 0.77



Internal pipeline statistics summary:
-------------------------------------
Query sequence(s):                         1  (1309 residues searched)
Target model(s):                       30134  (4754065 nodes)
Passed MSV filter:                      1325  (0.0439703); expected 602.7 (0.02)
Passed bias filter:                      958  (0.0317913); expected 602.7 (0.02)
Passed Vit filter:                        84  (0.00278755); expected 30.1 (0.001)
Passed Fwd filter:                         7  (0.000232296); expected 0.3 (1e-05)
Initial search space (Z):              30134  [actual number of targets]
Domain search space  (domZ):               7  [number of targets reported over threshold]
# CPU time: 0.59u 0.11s 00:00:00.70 Elapsed: 00:00:00.80
# Mc/sec: 7705.87
//
Query:       OM451107.1_2  [L=552]
Description: # 4071 # 5726 # 1 # ID=43_2;partial=00;start_type=ATG;rbs_motif=None;rbs_spacer=None;genetic_code=11;gc_cont=0.527
Scores for complete sequence (score includes all domains):
   --- full sequence ---   --- best 1 domain ---    -#dom-
    E-value  score  bias    E-value  score  bias    exp  N  Model          Description
    ------- ------ -----    ------- ------ -----   ---- --  --------       -----------
    2.5e-49  168.6   1.1    2.5e-49  168.6   1.1    1.5  2  Astro_capsid_N  Astrovirus capsid protein nucleoplasmin-like 
      8e-07   29.6   0.0    1.7e-06   28.6   0.0    1.5  1  SP2             Structural protein 2 nucleoplasmin-like domai


Domain annotation for each model:
>> Astro_capsid_N  Astrovirus capsid protein nucleoplasmin-like domain
   #    score  bias  c-Evalue  i-Evalue hmmfrom  hmm to    alifrom  ali to    envfrom  env to     acc
 ---   ------ ----- --------- --------- ------- -------    ------- -------    ------- -------    ----
   1 !  168.6   1.1   1.6e-53   2.5e-49      70     249 .]      27     202 ..      12     202 .. 0.97
   2 ?   -3.5   0.1      0.59   8.9e+03     191     202 ..     275     286 ..     274     288 .. 0.79

>> SP2  Structural protein 2 nucleoplasmin-like domain
   #    score  bias  c-Evalue  i-Evalue hmmfrom  hmm to    alifrom  ali to    envfrom  env to     acc
 ---   ------ ----- --------- --------- ------- -------    ------- -------    ------- -------    ----
   1 !   28.6   0.0   1.1e-10   1.7e-06      54     202 ..      67     199 ..      51     202 .. 0.84



Internal pipeline statistics summary:
-------------------------------------
Query sequence(s):                         1  (552 residues searched)
Target model(s):                       30134  (4754065 nodes)
Passed MSV filter:                       275  (0.0091259); expected 602.7 (0.02)
Passed bias filter:                      220  (0.00730072); expected 602.7 (0.02)
Passed Vit filter:                        18  (0.000597332); expected 30.1 (0.001)
Passed Fwd filter:                         2  (6.63702e-05); expected 0.3 (1e-05)
Initial search space (Z):              30134  [actual number of targets]
Domain search space  (domZ):               2  [number of targets reported over threshold]
# CPU time: 0.24u 0.13s 00:00:00.37 Elapsed: 00:00:00.41
# Mc/sec: 6277.19
//
Query:       OM451106.1_1  [L=93]
Description: # 79 # 357 # -1 # ID=44_1;partial=00;start_type=ATG;rbs_motif=None;rbs_spacer=None;genetic_code=11;gc_cont=0.509
Scores for complete sequence (score includes all domains):
   --- full sequence ---   --- best 1 domain ---    -#dom-
    E-value  score  bias    E-value  score  bias    exp  N  Model    Description
    ------- ------ -----    ------- ------ -----   ---- --  -------- -----------

   [No hits detected that satisfy reporting thresholds]


Domain annotation for each model:

   [No targets detected that satisfy reporting thresholds]


Internal pipeline statistics summary:
-------------------------------------
Query sequence(s):                         1  (93 residues searched)
Target model(s):                       30134  (4754065 nodes)
Passed MSV filter:                       412  (0.0136723); expected 602.7 (0.02)
Passed bias filter:                      366  (0.0121457); expected 602.7 (0.02)
Passed Vit filter:                        22  (0.000730072); expected 30.1 (0.001)
Passed Fwd filter:                         0  (0); expected 0.3 (1e-05)
Initial search space (Z):              30134  [actual number of targets]
Domain search space  (domZ):               0  [number of targets reported over threshold]
# CPU time: 0.19u 0.12s 00:00:00.31 Elapsed: 00:00:00.41
# Mc/sec: 1054.11
//
Query:       OM451106.1_2  [L=1193]
Description: # 397 # 3975 # 1 # ID=44_2;partial=00;start_type=ATG;rbs_motif=None;rbs_spacer=None;genetic_code=11;gc_cont=0.492
Scores for complete sequence (score includes all domains):
   --- full sequence ---   --- best 1 domain ---    -#dom-
    E-value  score  bias    E-value  score  bias    exp  N  Model         Description
    ------- ------ -----    ------- ------ -----   ---- --  --------      -----------
    5.2e-47  161.3   0.0    1.2e-46  160.1   0.0    1.5  1  RdRP_1         Viral RNA-dependent RNA polymerase
    1.2e-12   49.5   0.2    2.5e-12   48.4   0.2    1.6  1  Trypsin_2      Trypsin-like peptidase domain
    1.9e-10   42.3   1.3    6.7e-10   40.5   0.4    2.3  2  Astro_VPg      Astrovirus VPg protein
    0.00084   19.8   9.5     0.0014   19.1   9.5    1.3  1  Astro_1A       Astrovirus transmembrane protein 1A
     0.0022   18.0   0.6     0.0045   17.0   0.6    1.4  1  Peptidase_S32  Equine arteritis virus serine endopeptidase S3
     0.0029   18.3   0.1     0.0064   17.2   0.1    1.6  1  Peptidase_C3   3C cysteine protease (picornain 3C)
     0.0043   17.6   2.1      0.039   14.5   0.2    2.3  2  Trypsin        Trypsin
  ------ inclusion threshold ------
       0.26   11.6   0.1       0.52   10.6   0.1    1.4  1  FrpC           RTX iron-regulated protein FrpC
       0.28   11.6   0.1       0.78   10.1   0.0    1.7  2  nSTAND3        Novel STAND NTPase 3


Domain annotation for each model:
>> RdRP_1  Viral RNA-dependent RNA polymerase
   #    score  bias  c-Evalue  i-Evalue hmmfrom  hmm to    alifrom  ali to    envfrom  env to     acc
 ---   ------ ----- --------- --------- ------- -------    ------- -------    ------- -------    ----
   1 !  160.1   0.0   3.5e-50   1.2e-46      49     391 ..     760    1104 ..     729    1159 .. 0.86

>> Trypsin_2  Trypsin-like peptidase domain
   #    score  bias  c-Evalue  i-Evalue hmmfrom  hmm to    alifrom  ali to    envfrom  env to     acc
 ---   ------ ----- --------- --------- ------- -------    ------- -------    ------- -------    ----
   1 !   48.4   0.2   7.6e-16   2.5e-12       1     145 []     306     426 ..     306     426 .. 0.86

>> Astro_VPg  Astrovirus VPg protein
   #    score  bias  c-Evalue  i-Evalue hmmfrom  hmm to    alifrom  ali to    envfrom  env to     acc
 ---   ------ ----- --------- --------- ------- -------    ------- -------    ------- -------    ----
   1 !   40.5   0.4     2e-13   6.7e-10       1      89 [.     516     599 ..     516     608 .. 0.81
   2 ?   -0.8   0.0       1.4   4.7e+03      35      61 ..     607     633 ..     599     638 .. 0.84

>> Astro_1A  Astrovirus transmembrane protein 1A
   #    score  bias  c-Evalue  i-Evalue hmmfrom  hmm to    alifrom  ali to    envfrom  env to     acc
 ---   ------ ----- --------- --------- ------- -------    ------- -------    ------- -------    ----
   1 !   19.1   9.5   4.1e-07    0.0014      73     226 ..     107     260 ..      83     277 .. 0.90

>> Peptidase_S32  Equine arteritis virus serine endopeptidase S32
   #    score  bias  c-Evalue  i-Evalue hmmfrom  hmm to    alifrom  ali to    envfrom  env to     acc
 ---   ------ ----- --------- --------- ------- -------    ------- -------    ------- -------    ----
   1 !   17.0   0.6   1.3e-06    0.0045     126     237 ..     314     440 ..     303     446 .. 0.73

>> Peptidase_C3  3C cysteine protease (picornain 3C)
   #    score  bias  c-Evalue  i-Evalue hmmfrom  hmm to    alifrom  ali to    envfrom  env to     acc
 ---   ------ ----- --------- --------- ------- -------    ------- -------    ------- -------    ----
   1 !   17.2   0.1   1.9e-06    0.0064     129     166 .]     394     432 ..     383     432 .. 0.89

>> Trypsin  Trypsin
   #    score  bias  c-Evalue  i-Evalue hmmfrom  hmm to    alifrom  ali to    envfrom  env to     acc
 ---   ------ ----- --------- --------- ------- -------    ------- -------    ------- -------    ----
   1 !   14.5   0.2   1.2e-05     0.039      26      99 ..     305     360 ..     292     374 .. 0.73
   2 ?    2.0   0.1     0.074   2.5e+02     174     200 ..     406     432 ..     394     446 .. 0.77

>> FrpC  RTX iron-regulated protein FrpC
   #    score  bias  c-Evalue  i-Evalue hmmfrom  hmm to    alifrom  ali to    envfrom  env to     acc
 ---   ------ ----- --------- --------- ------- -------    ------- -------    ------- -------    ----
   1 ?   10.6   0.1   0.00015      0.52     164     212 ..     817     871 ..     809     886 .. 0.77

>> nSTAND3  Novel STAND NTPase 3
   #    score  bias  c-Evalue  i-Evalue hmmfrom  hmm to    alifrom  ali to    envfrom  env to     acc
 ---   ------ ----- --------- --------- ------- -------    ------- -------    ------- -------    ----
   1 ?   -3.8   0.1       4.4   1.5e+04      82     120 ..     456     495 ..     452     503 .. 0.72
   2 ?   10.1   0.0   0.00023      0.78      31      78 ..    1013    1059 ..    1005    1071 .. 0.89



Internal pipeline statistics summary:
-------------------------------------
Query sequence(s):                         1  (1193 residues searched)
Target model(s):                       30134  (4754065 nodes)
Passed MSV filter:                      1406  (0.0466583); expected 602.7 (0.02)
Passed bias filter:                      960  (0.0318577); expected 602.7 (0.02)
Passed Vit filter:                       102  (0.00338488); expected 30.1 (0.001)
Passed Fwd filter:                         9  (0.000298666); expected 0.3 (1e-05)
Initial search space (Z):              30134  [actual number of targets]
Domain search space  (domZ):               9  [number of targets reported over threshold]
# CPU time: 0.55u 0.13s 00:00:00.68 Elapsed: 00:00:00.73
# Mc/sec: 7674.79
//
Query:       OM451106.1_3  [L=792]
Description: # 3920 # 6295 # 1 # ID=44_3;partial=00;start_type=ATG;rbs_motif=None;rbs_spacer=None;genetic_code=11;gc_cont=0.529
Scores for complete sequence (score includes all domains):
   --- full sequence ---   --- best 1 domain ---    -#dom-
    E-value  score  bias    E-value  score  bias    exp  N  Model          Description
    ------- ------ -----    ------- ------ -----   ---- --  --------       -----------
    4.5e-54  184.2   2.2    9.7e-54  183.1   2.2    1.6  1  Astro_capsid_N  Astrovirus capsid protein nucleoplasmin-like 
      3e-07   31.0   0.0    7.4e-07   29.7   0.0    1.7  1  SP2             Structural protein 2 nucleoplasmin-like domai
  ------ inclusion threshold ------
      0.022   14.6   2.6      0.024   14.5   0.0    2.2  3  Astro_capsid_p  Turkey astrovirus capsid protein


Domain annotation for each model:
>> Astro_capsid_N  Astrovirus capsid protein nucleoplasmin-like domain
   #    score  bias  c-Evalue  i-Evalue hmmfrom  hmm to    alifrom  ali to    envfrom  env to     acc
 ---   ------ ----- --------- --------- ------- -------    ------- -------    ------- -------    ----
   1 !  183.1   2.2   9.7e-58   9.7e-54      30     249 .]      52     268 ..      28     268 .. 0.88

>> SP2  Structural protein 2 nucleoplasmin-like domain
   #    score  bias  c-Evalue  i-Evalue hmmfrom  hmm to    alifrom  ali to    envfrom  env to     acc
 ---   ------ ----- --------- --------- ------- -------    ------- -------    ------- -------    ----
   1 !   29.7   0.0   7.4e-11   7.4e-07      54     205 .]     133     268 ..     112     268 .. 0.85

>> Astro_capsid_p  Turkey astrovirus capsid protein
   #    score  bias  c-Evalue  i-Evalue hmmfrom  hmm to    alifrom  ali to    envfrom  env to     acc
 ---   ------ ----- --------- --------- ------- -------    ------- -------    ------- -------    ----
   1 ?   -3.8   0.1      0.88   8.9e+03     295     316 ..     402     424 ..     402     425 .. 0.76
   2 ?   -1.0   0.0      0.13   1.3e+03     124     158 ..     558     594 ..     522     600 .. 0.64
   3 ?   14.5   0.0   2.4e-06     0.024     300     340 ..     747     788 ..     745     790 .. 0.90



Internal pipeline statistics summary:
-------------------------------------
Query sequence(s):                         1  (792 residues searched)
Target model(s):                       30134  (4754065 nodes)
Passed MSV filter:                       788  (0.0261499); expected 602.7 (0.02)
Passed bias filter:                      587  (0.0194797); expected 602.7 (0.02)
Passed Vit filter:                        43  (0.00142696); expected 30.1 (0.001)
Passed Fwd filter:                         3  (9.95553e-05); expected 0.3 (1e-05)
Initial search space (Z):              30134  [actual number of targets]
Domain search space  (domZ):               3  [number of targets reported over threshold]
# CPU time: 0.35u 0.14s 00:00:00.49 Elapsed: 00:00:00.62
# Mc/sec: 6028.79
//
Query:       OM451105.1_1  [L=93]
Description: # 45 # 323 # -1 # ID=45_1;partial=00;start_type=ATG;rbs_motif=None;rbs_spacer=None;genetic_code=11;gc_cont=0.509
Scores for complete sequence (score includes all domains):
   --- full sequence ---   --- best 1 domain ---    -#dom-
    E-value  score  bias    E-value  score  bias    exp  N  Model    Description
    ------- ------ -----    ------- ------ -----   ---- --  -------- -----------

   [No hits detected that satisfy reporting thresholds]


Domain annotation for each model:

   [No targets detected that satisfy reporting thresholds]


Internal pipeline statistics summary:
-------------------------------------
Query sequence(s):                         1  (93 residues searched)
Target model(s):                       30134  (4754065 nodes)
Passed MSV filter:                       412  (0.0136723); expected 602.7 (0.02)
Passed bias filter:                      366  (0.0121457); expected 602.7 (0.02)
Passed Vit filter:                        22  (0.000730072); expected 30.1 (0.001)
Passed Fwd filter:                         0  (0); expected 0.3 (1e-05)
Initial search space (Z):              30134  [actual number of targets]
Domain search space  (domZ):               0  [number of targets reported over threshold]
# CPU time: 0.15u 0.14s 00:00:00.29 Elapsed: 00:00:00.29
# Mc/sec: 1478.94
//
Query:       OM451105.1_2  [L=1193]
Description: # 363 # 3941 # 1 # ID=45_2;partial=00;start_type=ATG;rbs_motif=None;rbs_spacer=None;genetic_code=11;gc_cont=0.492
Scores for complete sequence (score includes all domains):
   --- full sequence ---   --- best 1 domain ---    -#dom-
    E-value  score  bias    E-value  score  bias    exp  N  Model         Description
    ------- ------ -----    ------- ------ -----   ---- --  --------      -----------
    5.7e-47  161.2   0.0    1.3e-46  160.0   0.0    1.5  1  RdRP_1         Viral RNA-dependent RNA polymerase
    1.2e-12   49.5   0.2    2.5e-12   48.4   0.2    1.6  1  Trypsin_2      Trypsin-like peptidase domain
    1.9e-10   42.3   1.3    6.7e-10   40.5   0.4    2.3  2  Astro_VPg      Astrovirus VPg protein
    0.00084   19.8   9.5     0.0014   19.1   9.5    1.3  1  Astro_1A       Astrovirus transmembrane protein 1A
     0.0022   18.0   0.6     0.0045   17.0   0.6    1.4  1  Peptidase_S32  Equine arteritis virus serine endopeptidase S3
     0.0029   18.3   0.1     0.0064   17.2   0.1    1.6  1  Peptidase_C3   3C cysteine protease (picornain 3C)
     0.0043   17.6   2.1      0.039   14.5   0.2    2.3  2  Trypsin        Trypsin
  ------ inclusion threshold ------
       0.26   11.6   0.1       0.52   10.6   0.1    1.4  1  FrpC           RTX iron-regulated protein FrpC
       0.28   11.6   0.1       0.78   10.1   0.0    1.7  2  nSTAND3        Novel STAND NTPase 3


Domain annotation for each model:
>> RdRP_1  Viral RNA-dependent RNA polymerase
   #    score  bias  c-Evalue  i-Evalue hmmfrom  hmm to    alifrom  ali to    envfrom  env to     acc
 ---   ------ ----- --------- --------- ------- -------    ------- -------    ------- -------    ----
   1 !  160.0   0.0     4e-50   1.3e-46      49     391 ..     760    1104 ..     729    1121 .. 0.85

>> Trypsin_2  Trypsin-like peptidase domain
   #    score  bias  c-Evalue  i-Evalue hmmfrom  hmm to    alifrom  ali to    envfrom  env to     acc
 ---   ------ ----- --------- --------- ------- -------    ------- -------    ------- -------    ----
   1 !   48.4   0.2   7.6e-16   2.5e-12       1     145 []     306     426 ..     306     426 .. 0.86

>> Astro_VPg  Astrovirus VPg protein
   #    score  bias  c-Evalue  i-Evalue hmmfrom  hmm to    alifrom  ali to    envfrom  env to     acc
 ---   ------ ----- --------- --------- ------- -------    ------- -------    ------- -------    ----
   1 !   40.5   0.4     2e-13   6.7e-10       1      89 [.     516     599 ..     516     608 .. 0.81
   2 ?   -0.8   0.0       1.4   4.7e+03      35      61 ..     607     633 ..     599     638 .. 0.84

>> Astro_1A  Astrovirus transmembrane protein 1A
   #    score  bias  c-Evalue  i-Evalue hmmfrom  hmm to    alifrom  ali to    envfrom  env to     acc
 ---   ------ ----- --------- --------- ------- -------    ------- -------    ------- -------    ----
   1 !   19.1   9.5   4.1e-07    0.0014      73     226 ..     107     260 ..      83     277 .. 0.90

>> Peptidase_S32  Equine arteritis virus serine endopeptidase S32
   #    score  bias  c-Evalue  i-Evalue hmmfrom  hmm to    alifrom  ali to    envfrom  env to     acc
 ---   ------ ----- --------- --------- ------- -------    ------- -------    ------- -------    ----
   1 !   17.0   0.6   1.3e-06    0.0045     126     237 ..     314     440 ..     303     446 .. 0.73

>> Peptidase_C3  3C cysteine protease (picornain 3C)
   #    score  bias  c-Evalue  i-Evalue hmmfrom  hmm to    alifrom  ali to    envfrom  env to     acc
 ---   ------ ----- --------- --------- ------- -------    ------- -------    ------- -------    ----
   1 !   17.2   0.1   1.9e-06    0.0064     129     166 .]     394     432 ..     383     432 .. 0.89

>> Trypsin  Trypsin
   #    score  bias  c-Evalue  i-Evalue hmmfrom  hmm to    alifrom  ali to    envfrom  env to     acc
 ---   ------ ----- --------- --------- ------- -------    ------- -------    ------- -------    ----
   1 !   14.5   0.2   1.2e-05     0.039      26      99 ..     305     360 ..     292     374 .. 0.73
   2 ?    2.0   0.1     0.074   2.5e+02     174     200 ..     406     432 ..     394     446 .. 0.77

>> FrpC  RTX iron-regulated protein FrpC
   #    score  bias  c-Evalue  i-Evalue hmmfrom  hmm to    alifrom  ali to    envfrom  env to     acc
 ---   ------ ----- --------- --------- ------- -------    ------- -------    ------- -------    ----
   1 ?   10.6   0.1   0.00015      0.52     164     212 ..     817     871 ..     809     886 .. 0.77

>> nSTAND3  Novel STAND NTPase 3
   #    score  bias  c-Evalue  i-Evalue hmmfrom  hmm to    alifrom  ali to    envfrom  env to     acc
 ---   ------ ----- --------- --------- ------- -------    ------- -------    ------- -------    ----
   1 ?   -3.8   0.1       4.4   1.5e+04      82     120 ..     456     495 ..     452     503 .. 0.72
   2 ?   10.1   0.0   0.00023      0.78      31      78 ..    1013    1059 ..    1005    1071 .. 0.89



Internal pipeline statistics summary:
-------------------------------------
Query sequence(s):                         1  (1193 residues searched)
Target model(s):                       30134  (4754065 nodes)
Passed MSV filter:                      1407  (0.0466914); expected 602.7 (0.02)
Passed bias filter:                      959  (0.0318245); expected 602.7 (0.02)
Passed Vit filter:                       102  (0.00338488); expected 30.1 (0.001)
Passed Fwd filter:                         9  (0.000298666); expected 0.3 (1e-05)
Initial search space (Z):              30134  [actual number of targets]
Domain search space  (domZ):               9  [number of targets reported over threshold]
# CPU time: 0.53u 0.16s 00:00:00.69 Elapsed: 00:00:00.68
# Mc/sec: 8307.56
//
Query:       OM451105.1_3  [L=792]
Description: # 3886 # 6261 # 1 # ID=45_3;partial=00;start_type=ATG;rbs_motif=None;rbs_spacer=None;genetic_code=11;gc_cont=0.529
Scores for complete sequence (score includes all domains):
   --- full sequence ---   --- best 1 domain ---    -#dom-
    E-value  score  bias    E-value  score  bias    exp  N  Model          Description
    ------- ------ -----    ------- ------ -----   ---- --  --------       -----------
    4.5e-54  184.2   2.2    9.7e-54  183.1   2.2    1.6  1  Astro_capsid_N  Astrovirus capsid protein nucleoplasmin-like 
      3e-07   31.0   0.0    7.4e-07   29.7   0.0    1.7  1  SP2             Structural protein 2 nucleoplasmin-like domai
  ------ inclusion threshold ------
      0.022   14.6   2.6      0.024   14.5   0.0    2.2  3  Astro_capsid_p  Turkey astrovirus capsid protein


Domain annotation for each model:
>> Astro_capsid_N  Astrovirus capsid protein nucleoplasmin-like domain
   #    score  bias  c-Evalue  i-Evalue hmmfrom  hmm to    alifrom  ali to    envfrom  env to     acc
 ---   ------ ----- --------- --------- ------- -------    ------- -------    ------- -------    ----
   1 !  183.1   2.2   9.7e-58   9.7e-54      30     249 .]      52     268 ..      28     268 .. 0.88

>> SP2  Structural protein 2 nucleoplasmin-like domain
   #    score  bias  c-Evalue  i-Evalue hmmfrom  hmm to    alifrom  ali to    envfrom  env to     acc
 ---   ------ ----- --------- --------- ------- -------    ------- -------    ------- -------    ----
   1 !   29.7   0.0   7.4e-11   7.4e-07      54     205 .]     133     268 ..     112     268 .. 0.85

>> Astro_capsid_p  Turkey astrovirus capsid protein
   #    score  bias  c-Evalue  i-Evalue hmmfrom  hmm to    alifrom  ali to    envfrom  env to     acc
 ---   ------ ----- --------- --------- ------- -------    ------- -------    ------- -------    ----
   1 ?   -3.8   0.1      0.88   8.9e+03     295     316 ..     402     424 ..     402     425 .. 0.76
   2 ?   -1.0   0.0      0.13   1.3e+03     124     158 ..     558     594 ..     522     600 .. 0.64
   3 ?   14.5   0.0   2.4e-06     0.024     300     340 ..     747     788 ..     745     790 .. 0.90



Internal pipeline statistics summary:
-------------------------------------
Query sequence(s):                         1  (792 residues searched)
Target model(s):                       30134  (4754065 nodes)
Passed MSV filter:                       788  (0.0261499); expected 602.7 (0.02)
Passed bias filter:                      587  (0.0194797); expected 602.7 (0.02)
Passed Vit filter:                        43  (0.00142696); expected 30.1 (0.001)
Passed Fwd filter:                         3  (9.95553e-05); expected 0.3 (1e-05)
Initial search space (Z):              30134  [actual number of targets]
Domain search space  (domZ):               3  [number of targets reported over threshold]
# CPU time: 0.32u 0.15s 00:00:00.47 Elapsed: 00:00:00.47
# Mc/sec: 7995.43
//
Query:       OM451115.1_1  [L=1412]
Description: # 36 # 4271 # 1 # ID=46_1;partial=00;start_type=ATG;rbs_motif=GGAG/GAGG;rbs_spacer=5-10bp;genetic_code=11;gc_cont=0.465
Scores for complete sequence (score includes all domains):
   --- full sequence ---   --- best 1 domain ---    -#dom-
    E-value  score  bias    E-value  score  bias    exp  N  Model         Description
    ------- ------ -----    ------- ------ -----   ---- --  --------      -----------
    1.6e-85  287.5  10.9    2.6e-85  286.7  10.9    1.3  1  Astro_1A       Astrovirus transmembrane protein 1A
    4.5e-50  170.5   4.1    1.1e-49  169.2   4.1    1.7  1  Astrovir_pp_1  Astroviridae polyprotein 1
    4.3e-38  131.9   0.0    7.1e-38  131.2   0.0    1.2  1  RdRP_1         Viral RNA-dependent RNA polymerase
    5.5e-29  101.5   0.0    1.1e-28  100.6   0.0    1.5  1  Astro_p19      Astrovirus p19 protein
    6.8e-20   72.6   8.2    6.8e-20   72.6   8.2    2.0  2  Astro_VPg      Astrovirus VPg protein
    2.2e-10   42.1   0.3    5.5e-10   40.9   0.3    1.7  1  Trypsin_2      Trypsin-like peptidase domain
     0.0049   16.8   0.3     0.0083   16.1   0.3    1.2  1  Peptidase_S32  Equine arteritis virus serine endopeptidase S3
  ------ inclusion threshold ------
      0.039   14.6   0.0      0.039   14.6   0.0    2.0  3  Peptidase_C3   3C cysteine protease (picornain 3C)
       0.13   13.4   0.0       0.33   12.1   0.0    1.6  1  DUF8020        Domain of unknown function (DUF8020)


Domain annotation for each model:
>> Astro_1A  Astrovirus transmembrane protein 1A
   #    score  bias  c-Evalue  i-Evalue hmmfrom  hmm to    alifrom  ali to    envfrom  env to     acc
 ---   ------ ----- --------- --------- ------- -------    ------- -------    ------- -------    ----
   1 !  286.7  10.9   7.8e-89   2.6e-85       4     244 .]     179     419 ..     177     419 .. 0.99

>> Astrovir_pp_1  Astroviridae polyprotein 1
   #    score  bias  c-Evalue  i-Evalue hmmfrom  hmm to    alifrom  ali to    envfrom  env to     acc
 ---   ------ ----- --------- --------- ------- -------    ------- -------    ------- -------    ----
   1 !  169.2   4.1   3.3e-53   1.1e-49      41     169 ..     772     907 ..     725     909 .. 0.87

>> RdRP_1  Viral RNA-dependent RNA polymerase
   #    score  bias  c-Evalue  i-Evalue hmmfrom  hmm to    alifrom  ali to    envfrom  env to     acc
 ---   ------ ----- --------- --------- ------- -------    ------- -------    ------- -------    ----
   1 !  131.2   0.0   2.1e-41   7.1e-38     139     428 ..    1068    1358 ..    1029    1378 .. 0.87

>> Astro_p19  Astrovirus p19 protein
   #    score  bias  c-Evalue  i-Evalue hmmfrom  hmm to    alifrom  ali to    envfrom  env to     acc
 ---   ------ ----- --------- --------- ------- -------    ------- -------    ------- -------    ----
   1 !  100.6   0.0   3.1e-32   1.1e-28       7     172 ..       2     170 ..       1     172 [. 0.91

>> Astro_VPg  Astrovirus VPg protein
   #    score  bias  c-Evalue  i-Evalue hmmfrom  hmm to    alifrom  ali to    envfrom  env to     acc
 ---   ------ ----- --------- --------- ------- -------    ------- -------    ------- -------    ----
   1 ?   -3.8   0.1         9     3e+04      40      62 ..     607     629 ..     593     635 .. 0.65
   2 !   72.6   8.2     2e-23   6.8e-20       1      97 [.     648     733 ..     648     740 .. 0.87

>> Trypsin_2  Trypsin-like peptidase domain
   #    score  bias  c-Evalue  i-Evalue hmmfrom  hmm to    alifrom  ali to    envfrom  env to     acc
 ---   ------ ----- --------- --------- ------- -------    ------- -------    ------- -------    ----
   1 !   40.9   0.3   1.6e-13   5.5e-10       1     144 [.     446     563 ..     446     563 .. 0.86

>> Peptidase_S32  Equine arteritis virus serine endopeptidase S32
   #    score  bias  c-Evalue  i-Evalue hmmfrom  hmm to    alifrom  ali to    envfrom  env to     acc
 ---   ------ ----- --------- --------- ------- -------    ------- -------    ------- -------    ----
   1 !   16.1   0.3   2.5e-06    0.0083     116     236 ..     446     576 ..     433     589 .. 0.67

>> Peptidase_C3  3C cysteine protease (picornain 3C)
   #    score  bias  c-Evalue  i-Evalue hmmfrom  hmm to    alifrom  ali to    envfrom  env to     acc
 ---   ------ ----- --------- --------- ------- -------    ------- -------    ------- -------    ----
   1 ?   14.6   0.0   1.2e-05     0.039     134     165 ..     537     569 ..     509     570 .. 0.82
   2 ?   -4.2   0.3       6.9   2.3e+04      52      82 ..     764     795 ..     762     797 .. 0.65
   3 ?   -3.0   0.0       3.2   1.1e+04     134     148 ..    1121    1135 ..    1100    1137 .. 0.82

>> DUF8020  Domain of unknown function (DUF8020)
   #    score  bias  c-Evalue  i-Evalue hmmfrom  hmm to    alifrom  ali to    envfrom  env to     acc
 ---   ------ ----- --------- --------- ------- -------    ------- -------    ------- -------    ----
   1 ?   12.1   0.0   9.9e-05      0.33      27      51 ..     387     411 ..     377     413 .. 0.83



Internal pipeline statistics summary:
-------------------------------------
Query sequence(s):                         1  (1412 residues searched)
Target model(s):                       30134  (4754065 nodes)
Passed MSV filter:                      1080  (0.0358399); expected 602.7 (0.02)
Passed bias filter:                      678  (0.0224995); expected 602.7 (0.02)
Passed Vit filter:                        65  (0.00215703); expected 30.1 (0.001)
Passed Fwd filter:                        11  (0.000365036); expected 0.3 (1e-05)
Initial search space (Z):              30134  [actual number of targets]
Domain search space  (domZ):               9  [number of targets reported over threshold]
# CPU time: 0.53u 0.14s 00:00:00.67 Elapsed: 00:00:00.66
# Mc/sec: 10038.14
//
Query:       OM451115.1_2  [L=788]
Description: # 4264 # 6627 # 1 # ID=46_2;partial=00;start_type=ATG;rbs_motif=AGGAG(G)/GGAGG;rbs_spacer=13-15bp;genetic_code=11;gc_cont=0.515
Scores for complete sequence (score includes all domains):
   --- full sequence ---   --- best 1 domain ---    -#dom-
    E-value  score  bias    E-value  score  bias    exp  N  Model          Description
    ------- ------ -----    ------- ------ -----   ---- --  --------       -----------
   2.8e-102  342.1   4.3   2.8e-102  342.1   4.3    1.7  2  Astro_capsid_N  Astrovirus capsid protein nucleoplasmin-like 
    9.5e-76  256.0   0.1    1.4e-75  255.5   0.1    1.2  1  Astro_capsid_p  Turkey astrovirus capsid protein
    2.3e-05   25.2   0.0    0.00011   23.0   0.0    2.1  2  SP2_M           Structural protein 2 second domain
  ------ inclusion threshold ------
      0.075   12.9   7.2       0.12   12.2   7.2    1.2  1  CoV_nucleocap   Coronavirus nucleocapsid


Domain annotation for each model:
>> Astro_capsid_N  Astrovirus capsid protein nucleoplasmin-like domain
   #    score  bias  c-Evalue  i-Evalue hmmfrom  hmm to    alifrom  ali to    envfrom  env to     acc
 ---   ------ ----- --------- --------- ------- -------    ------- -------    ------- -------    ----
   1 !  342.1   4.3  3.7e-106  2.8e-102       1     249 []      18     259 ..      18     259 .. 1.00
   2 ?   -3.5   0.1       1.1   8.5e+03      57      76 ..     518     538 ..     516     547 .. 0.68

>> Astro_capsid_p  Turkey astrovirus capsid protein
   #    score  bias  c-Evalue  i-Evalue hmmfrom  hmm to    alifrom  ali to    envfrom  env to     acc
 ---   ------ ----- --------- --------- ------- -------    ------- -------    ------- -------    ----
   1 !  255.5   0.1   1.9e-79   1.4e-75      15     363 .]     446     787 ..     438     787 .. 0.82

>> SP2_M  Structural protein 2 second domain
   #    score  bias  c-Evalue  i-Evalue hmmfrom  hmm to    alifrom  ali to    envfrom  env to     acc
 ---   ------ ----- --------- --------- ------- -------    ------- -------    ------- -------    ----
   1 !   23.0   0.0   1.5e-08   0.00011      40     114 ..     312     383 ..     295     409 .. 0.81
   2 ?   -1.1   0.0       0.4     3e+03      36      63 ..     399     423 ..     385     428 .. 0.76

>> CoV_nucleocap  Coronavirus nucleocapsid
   #    score  bias  c-Evalue  i-Evalue hmmfrom  hmm to    alifrom  ali to    envfrom  env to     acc
 ---   ------ ----- --------- --------- ------- -------    ------- -------    ------- -------    ----
   1 ?   12.2   7.2   1.5e-05      0.12     125     195 ..       4      81 ..       1     102 [. 0.67



Internal pipeline statistics summary:
-------------------------------------
Query sequence(s):                         1  (788 residues searched)
Target model(s):                       30134  (4754065 nodes)
Passed MSV filter:                      1288  (0.0427424); expected 602.7 (0.02)
Passed bias filter:                      837  (0.0277759); expected 602.7 (0.02)
Passed Vit filter:                        77  (0.00255525); expected 30.1 (0.001)
Passed Fwd filter:                         5  (0.000165926); expected 0.3 (1e-05)
Initial search space (Z):              30134  [actual number of targets]
Domain search space  (domZ):               4  [number of targets reported over threshold]
# CPU time: 0.38u 0.16s 00:00:00.54 Elapsed: 00:00:00.69
# Mc/sec: 5376.20
//
Query:       OM451112.1_1  [L=1412]
Description: # 70 # 4305 # 1 # ID=47_1;partial=00;start_type=ATG;rbs_motif=GGAG/GAGG;rbs_spacer=5-10bp;genetic_code=11;gc_cont=0.462
Scores for complete sequence (score includes all domains):
   --- full sequence ---   --- best 1 domain ---    -#dom-
    E-value  score  bias    E-value  score  bias    exp  N  Model         Description
    ------- ------ -----    ------- ------ -----   ---- --  --------      -----------
    3.6e-86  289.6  11.1      6e-86  288.9  11.1    1.3  1  Astro_1A       Astrovirus transmembrane protein 1A
    3.3e-50  170.9   3.5    7.9e-50  169.7   3.5    1.7  1  Astrovir_pp_1  Astroviridae polyprotein 1
    1.4e-38  133.5   0.0    2.4e-38  132.7   0.0    1.2  1  RdRP_1         Viral RNA-dependent RNA polymerase
    8.2e-29  101.0   0.0    1.7e-28  100.0   0.0    1.6  1  Astro_p19      Astrovirus p19 protein
    6.8e-20   72.6   8.2    6.8e-20   72.6   8.2    2.0  2  Astro_VPg      Astrovirus VPg protein
    2.1e-10   42.2   0.3    5.5e-10   40.9   0.3    1.7  1  Trypsin_2      Trypsin-like peptidase domain
     0.0049   16.8   0.3     0.0083   16.1   0.3    1.2  1  Peptidase_S32  Equine arteritis virus serine endopeptidase S3
  ------ inclusion threshold ------
      0.039   14.6   0.0      0.039   14.6   0.0    2.0  3  Peptidase_C3   3C cysteine protease (picornain 3C)
       0.13   13.4   0.0       0.33   12.1   0.0    1.6  1  DUF8020        Domain of unknown function (DUF8020)


Domain annotation for each model:
>> Astro_1A  Astrovirus transmembrane protein 1A
   #    score  bias  c-Evalue  i-Evalue hmmfrom  hmm to    alifrom  ali to    envfrom  env to     acc
 ---   ------ ----- --------- --------- ------- -------    ------- -------    ------- -------    ----
   1 !  288.9  11.1   1.8e-89     6e-86       4     244 .]     179     419 ..     177     419 .. 0.99

>> Astrovir_pp_1  Astroviridae polyprotein 1
   #    score  bias  c-Evalue  i-Evalue hmmfrom  hmm to    alifrom  ali to    envfrom  env to     acc
 ---   ------ ----- --------- --------- ------- -------    ------- -------    ------- -------    ----
   1 !  169.7   3.5   2.3e-53   7.9e-50      42     169 ..     773     907 ..     725     909 .. 0.87

>> RdRP_1  Viral RNA-dependent RNA polymerase
   #    score  bias  c-Evalue  i-Evalue hmmfrom  hmm to    alifrom  ali to    envfrom  env to     acc
 ---   ------ ----- --------- --------- ------- -------    ------- -------    ------- -------    ----
   1 !  132.7   0.0   7.2e-42   2.4e-38     139     428 ..    1068    1358 ..    1029    1378 .. 0.87

>> Astro_p19  Astrovirus p19 protein
   #    score  bias  c-Evalue  i-Evalue hmmfrom  hmm to    alifrom  ali to    envfrom  env to     acc
 ---   ------ ----- --------- --------- ------- -------    ------- -------    ------- -------    ----
   1 !  100.0   0.0     5e-32   1.7e-28       7     172 ..       2     170 ..       1     172 [. 0.92

>> Astro_VPg  Astrovirus VPg protein
   #    score  bias  c-Evalue  i-Evalue hmmfrom  hmm to    alifrom  ali to    envfrom  env to     acc
 ---   ------ ----- --------- --------- ------- -------    ------- -------    ------- -------    ----
   1 ?   -3.8   0.1         9     3e+04      40      62 ..     607     629 ..     593     635 .. 0.65
   2 !   72.6   8.2     2e-23   6.8e-20       1      97 [.     648     733 ..     648     740 .. 0.87

>> Trypsin_2  Trypsin-like peptidase domain
   #    score  bias  c-Evalue  i-Evalue hmmfrom  hmm to    alifrom  ali to    envfrom  env to     acc
 ---   ------ ----- --------- --------- ------- -------    ------- -------    ------- -------    ----
   1 !   40.9   0.3   1.6e-13   5.5e-10       1     144 [.     446     563 ..     446     563 .. 0.86

>> Peptidase_S32  Equine arteritis virus serine endopeptidase S32
   #    score  bias  c-Evalue  i-Evalue hmmfrom  hmm to    alifrom  ali to    envfrom  env to     acc
 ---   ------ ----- --------- --------- ------- -------    ------- -------    ------- -------    ----
   1 !   16.1   0.3   2.5e-06    0.0083     116     236 ..     446     576 ..     433     589 .. 0.67

>> Peptidase_C3  3C cysteine protease (picornain 3C)
   #    score  bias  c-Evalue  i-Evalue hmmfrom  hmm to    alifrom  ali to    envfrom  env to     acc
 ---   ------ ----- --------- --------- ------- -------    ------- -------    ------- -------    ----
   1 ?   14.6   0.0   1.2e-05     0.039     134     165 ..     537     569 ..     509     570 .. 0.82
   2 ?   -4.2   0.3       7.1   2.4e+04      52      82 ..     764     795 ..     762     797 .. 0.62
   3 ?   -3.0   0.0       3.2   1.1e+04     134     148 ..    1121    1135 ..    1100    1137 .. 0.82

>> DUF8020  Domain of unknown function (DUF8020)
   #    score  bias  c-Evalue  i-Evalue hmmfrom  hmm to    alifrom  ali to    envfrom  env to     acc
 ---   ------ ----- --------- --------- ------- -------    ------- -------    ------- -------    ----
   1 ?   12.1   0.0   9.9e-05      0.33      27      51 ..     387     411 ..     377     413 .. 0.83



Internal pipeline statistics summary:
-------------------------------------
Query sequence(s):                         1  (1412 residues searched)
Target model(s):                       30134  (4754065 nodes)
Passed MSV filter:                      1086  (0.036039); expected 602.7 (0.02)
Passed bias filter:                      679  (0.0225327); expected 602.7 (0.02)
Passed Vit filter:                        65  (0.00215703); expected 30.1 (0.001)
Passed Fwd filter:                        11  (0.000365036); expected 0.3 (1e-05)
Initial search space (Z):              30134  [actual number of targets]
Domain search space  (domZ):               9  [number of targets reported over threshold]
# CPU time: 0.51u 0.16s 00:00:00.67 Elapsed: 00:00:00.66
# Mc/sec: 10132.93
//
Query:       OM451112.1_2  [L=805]
Description: # 4298 # 6712 # 1 # ID=47_2;partial=00;start_type=ATG;rbs_motif=AGGAG(G)/GGAGG;rbs_spacer=13-15bp;genetic_code=11;gc_cont=0.513
Scores for complete sequence (score includes all domains):
   --- full sequence ---   --- best 1 domain ---    -#dom-
    E-value  score  bias    E-value  score  bias    exp  N  Model          Description
    ------- ------ -----    ------- ------ -----   ---- --  --------       -----------
   2.9e-102  342.0   7.9     4e-102  341.5   3.7    2.6  3  Astro_capsid_N  Astrovirus capsid protein nucleoplasmin-like 
    1.7e-74  251.9   0.0    2.4e-74  251.4   0.0    1.2  1  Astro_capsid_p  Turkey astrovirus capsid protein
      8e-06   26.7   0.1      8e-05   23.5   0.0    2.3  2  SP2_M           Structural protein 2 second domain
  ------ inclusion threshold ------
       0.12   12.2   6.4       0.18   11.7   6.4    1.2  1  CoV_nucleocap   Coronavirus nucleocapsid


Domain annotation for each model:
>> Astro_capsid_N  Astrovirus capsid protein nucleoplasmin-like domain
   #    score  bias  c-Evalue  i-Evalue hmmfrom  hmm to    alifrom  ali to    envfrom  env to     acc
 ---   ------ ----- --------- --------- ------- -------    ------- -------    ------- -------    ----
   1 !  341.5   3.7  5.4e-106    4e-102       1     249 []      18     259 ..      18     259 .. 1.00
   2 ?   -2.6   0.1      0.63   4.7e+03      70      85 ..     416     431 ..     394     443 .. 0.69
   3 ?    1.4   0.0     0.037   2.8e+02      57      80 ..     517     540 ..     511     570 .. 0.85

>> Astro_capsid_p  Turkey astrovirus capsid protein
   #    score  bias  c-Evalue  i-Evalue hmmfrom  hmm to    alifrom  ali to    envfrom  env to     acc
 ---   ------ ----- --------- --------- ------- -------    ------- -------    ------- -------    ----
   1 !  251.4   0.0   3.2e-78   2.4e-74      12     363 .]     443     804 ..     433     804 .. 0.86

>> SP2_M  Structural protein 2 second domain
   #    score  bias  c-Evalue  i-Evalue hmmfrom  hmm to    alifrom  ali to    envfrom  env to     acc
 ---   ------ ----- --------- --------- ------- -------    ------- -------    ------- -------    ----
   1 !   23.5   0.0   1.1e-08     8e-05      41     114 ..     313     383 ..     298     395 .. 0.82
   2 ?    0.0   0.0      0.18   1.4e+03      36      63 ..     399     423 ..     384     428 .. 0.76

>> CoV_nucleocap  Coronavirus nucleocapsid
   #    score  bias  c-Evalue  i-Evalue hmmfrom  hmm to    alifrom  ali to    envfrom  env to     acc
 ---   ------ ----- --------- --------- ------- -------    ------- -------    ------- -------    ----
   1 ?   11.7   6.4   2.3e-05      0.18     125     195 ..       4      81 ..       1     102 [. 0.68



Internal pipeline statistics summary:
-------------------------------------
Query sequence(s):                         1  (805 residues searched)
Target model(s):                       30134  (4754065 nodes)
Passed MSV filter:                      1256  (0.0416805); expected 602.7 (0.02)
Passed bias filter:                      867  (0.0287715); expected 602.7 (0.02)
Passed Vit filter:                        79  (0.00262162); expected 30.1 (0.001)
Passed Fwd filter:                         5  (0.000165926); expected 0.3 (1e-05)
Initial search space (Z):              30134  [actual number of targets]
Domain search space  (domZ):               4  [number of targets reported over threshold]
# CPU time: 0.38u 0.16s 00:00:00.54 Elapsed: 00:00:00.61
# Mc/sec: 6266.80
//
Query:       OM451111.1_1  [L=1412]
Description: # 59 # 4294 # 1 # ID=48_1;partial=00;start_type=ATG;rbs_motif=GGAG/GAGG;rbs_spacer=5-10bp;genetic_code=11;gc_cont=0.462
Scores for complete sequence (score includes all domains):
   --- full sequence ---   --- best 1 domain ---    -#dom-
    E-value  score  bias    E-value  score  bias    exp  N  Model         Description
    ------- ------ -----    ------- ------ -----   ---- --  --------      -----------
    3.6e-86  289.6  11.1      6e-86  288.9  11.1    1.3  1  Astro_1A       Astrovirus transmembrane protein 1A
    3.3e-50  170.9   3.5    7.9e-50  169.7   3.5    1.7  1  Astrovir_pp_1  Astroviridae polyprotein 1
    1.4e-38  133.5   0.0    2.4e-38  132.7   0.0    1.2  1  RdRP_1         Viral RNA-dependent RNA polymerase
    8.2e-29  101.0   0.0    1.7e-28  100.0   0.0    1.6  1  Astro_p19      Astrovirus p19 protein
    6.8e-20   72.6   8.2    6.8e-20   72.6   8.2    2.0  2  Astro_VPg      Astrovirus VPg protein
    2.1e-10   42.2   0.3    5.5e-10   40.9   0.3    1.7  1  Trypsin_2      Trypsin-like peptidase domain
     0.0049   16.8   0.3     0.0083   16.1   0.3    1.2  1  Peptidase_S32  Equine arteritis virus serine endopeptidase S3
  ------ inclusion threshold ------
      0.039   14.6   0.0      0.039   14.6   0.0    2.0  3  Peptidase_C3   3C cysteine protease (picornain 3C)
       0.13   13.4   0.0       0.33   12.1   0.0    1.6  1  DUF8020        Domain of unknown function (DUF8020)


Domain annotation for each model:
>> Astro_1A  Astrovirus transmembrane protein 1A
   #    score  bias  c-Evalue  i-Evalue hmmfrom  hmm to    alifrom  ali to    envfrom  env to     acc
 ---   ------ ----- --------- --------- ------- -------    ------- -------    ------- -------    ----
   1 !  288.9  11.1   1.8e-89     6e-86       4     244 .]     179     419 ..     177     419 .. 0.99

>> Astrovir_pp_1  Astroviridae polyprotein 1
   #    score  bias  c-Evalue  i-Evalue hmmfrom  hmm to    alifrom  ali to    envfrom  env to     acc
 ---   ------ ----- --------- --------- ------- -------    ------- -------    ------- -------    ----
   1 !  169.7   3.5   2.3e-53   7.9e-50      42     169 ..     773     907 ..     725     909 .. 0.87

>> RdRP_1  Viral RNA-dependent RNA polymerase
   #    score  bias  c-Evalue  i-Evalue hmmfrom  hmm to    alifrom  ali to    envfrom  env to     acc
 ---   ------ ----- --------- --------- ------- -------    ------- -------    ------- -------    ----
   1 !  132.7   0.0   7.2e-42   2.4e-38     139     428 ..    1068    1358 ..    1029    1378 .. 0.87

>> Astro_p19  Astrovirus p19 protein
   #    score  bias  c-Evalue  i-Evalue hmmfrom  hmm to    alifrom  ali to    envfrom  env to     acc
 ---   ------ ----- --------- --------- ------- -------    ------- -------    ------- -------    ----
   1 !  100.0   0.0     5e-32   1.7e-28       7     172 ..       2     170 ..       1     172 [. 0.92

>> Astro_VPg  Astrovirus VPg protein
   #    score  bias  c-Evalue  i-Evalue hmmfrom  hmm to    alifrom  ali to    envfrom  env to     acc
 ---   ------ ----- --------- --------- ------- -------    ------- -------    ------- -------    ----
   1 ?   -3.8   0.1         9     3e+04      40      62 ..     607     629 ..     593     635 .. 0.65
   2 !   72.6   8.2     2e-23   6.8e-20       1      97 [.     648     733 ..     648     740 .. 0.87

>> Trypsin_2  Trypsin-like peptidase domain
   #    score  bias  c-Evalue  i-Evalue hmmfrom  hmm to    alifrom  ali to    envfrom  env to     acc
 ---   ------ ----- --------- --------- ------- -------    ------- -------    ------- -------    ----
   1 !   40.9   0.3   1.6e-13   5.5e-10       1     144 [.     446     563 ..     446     563 .. 0.86

>> Peptidase_S32  Equine arteritis virus serine endopeptidase S32
   #    score  bias  c-Evalue  i-Evalue hmmfrom  hmm to    alifrom  ali to    envfrom  env to     acc
 ---   ------ ----- --------- --------- ------- -------    ------- -------    ------- -------    ----
   1 !   16.1   0.3   2.5e-06    0.0083     116     236 ..     446     576 ..     433     589 .. 0.67

>> Peptidase_C3  3C cysteine protease (picornain 3C)
   #    score  bias  c-Evalue  i-Evalue hmmfrom  hmm to    alifrom  ali to    envfrom  env to     acc
 ---   ------ ----- --------- --------- ------- -------    ------- -------    ------- -------    ----
   1 ?   14.6   0.0   1.2e-05     0.039     134     165 ..     537     569 ..     509     570 .. 0.82
   2 ?   -4.2   0.3       7.1   2.4e+04      52      82 ..     764     795 ..     762     797 .. 0.62
   3 ?   -3.0   0.0       3.2   1.1e+04     134     148 ..    1121    1135 ..    1100    1137 .. 0.82

>> DUF8020  Domain of unknown function (DUF8020)
   #    score  bias  c-Evalue  i-Evalue hmmfrom  hmm to    alifrom  ali to    envfrom  env to     acc
 ---   ------ ----- --------- --------- ------- -------    ------- -------    ------- -------    ----
   1 ?   12.1   0.0   9.9e-05      0.33      27      51 ..     387     411 ..     377     413 .. 0.83



Internal pipeline statistics summary:
-------------------------------------
Query sequence(s):                         1  (1412 residues searched)
Target model(s):                       30134  (4754065 nodes)
Passed MSV filter:                      1086  (0.036039); expected 602.7 (0.02)
Passed bias filter:                      679  (0.0225327); expected 602.7 (0.02)
Passed Vit filter:                        65  (0.00215703); expected 30.1 (0.001)
Passed Fwd filter:                        11  (0.000365036); expected 0.3 (1e-05)
Initial search space (Z):              30134  [actual number of targets]
Domain search space  (domZ):               9  [number of targets reported over threshold]
# CPU time: 0.53u 0.13s 00:00:00.66 Elapsed: 00:00:00.66
# Mc/sec: 10123.65
//
Query:       OM451111.1_2  [L=805]
Description: # 4287 # 6701 # 1 # ID=48_2;partial=00;start_type=ATG;rbs_motif=AGGAG(G)/GGAGG;rbs_spacer=13-15bp;genetic_code=11;gc_cont=0.512
Scores for complete sequence (score includes all domains):
   --- full sequence ---   --- best 1 domain ---    -#dom-
    E-value  score  bias    E-value  score  bias    exp  N  Model          Description
    ------- ------ -----    ------- ------ -----   ---- --  --------       -----------
   2.9e-102  342.0   7.9     4e-102  341.5   3.7    2.6  3  Astro_capsid_N  Astrovirus capsid protein nucleoplasmin-like 
    1.7e-74  251.9   0.0    2.4e-74  251.4   0.0    1.2  1  Astro_capsid_p  Turkey astrovirus capsid protein
      8e-06   26.7   0.1      8e-05   23.5   0.0    2.3  2  SP2_M           Structural protein 2 second domain
  ------ inclusion threshold ------
       0.12   12.2   6.4       0.18   11.7   6.4    1.2  1  CoV_nucleocap   Coronavirus nucleocapsid


Domain annotation for each model:
>> Astro_capsid_N  Astrovirus capsid protein nucleoplasmin-like domain
   #    score  bias  c-Evalue  i-Evalue hmmfrom  hmm to    alifrom  ali to    envfrom  env to     acc
 ---   ------ ----- --------- --------- ------- -------    ------- -------    ------- -------    ----
   1 !  341.5   3.7  5.4e-106    4e-102       1     249 []      18     259 ..      18     259 .. 1.00
   2 ?   -2.6   0.1      0.63   4.7e+03      70      85 ..     416     431 ..     394     443 .. 0.69
   3 ?    1.4   0.0     0.037   2.8e+02      57      80 ..     517     540 ..     511     570 .. 0.85

>> Astro_capsid_p  Turkey astrovirus capsid protein
   #    score  bias  c-Evalue  i-Evalue hmmfrom  hmm to    alifrom  ali to    envfrom  env to     acc
 ---   ------ ----- --------- --------- ------- -------    ------- -------    ------- -------    ----
   1 !  251.4   0.0   3.2e-78   2.4e-74      12     363 .]     443     804 ..     433     804 .. 0.86

>> SP2_M  Structural protein 2 second domain
   #    score  bias  c-Evalue  i-Evalue hmmfrom  hmm to    alifrom  ali to    envfrom  env to     acc
 ---   ------ ----- --------- --------- ------- -------    ------- -------    ------- -------    ----
   1 !   23.5   0.0   1.1e-08     8e-05      41     114 ..     313     383 ..     298     395 .. 0.82
   2 ?    0.0   0.0      0.18   1.4e+03      36      63 ..     399     423 ..     384     428 .. 0.76

>> CoV_nucleocap  Coronavirus nucleocapsid
   #    score  bias  c-Evalue  i-Evalue hmmfrom  hmm to    alifrom  ali to    envfrom  env to     acc
 ---   ------ ----- --------- --------- ------- -------    ------- -------    ------- -------    ----
   1 ?   11.7   6.4   2.3e-05      0.18     125     195 ..       4      81 ..       1     102 [. 0.68



Internal pipeline statistics summary:
-------------------------------------
Query sequence(s):                         1  (805 residues searched)
Target model(s):                       30134  (4754065 nodes)
Passed MSV filter:                      1256  (0.0416805); expected 602.7 (0.02)
Passed bias filter:                      867  (0.0287715); expected 602.7 (0.02)
Passed Vit filter:                        79  (0.00262162); expected 30.1 (0.001)
Passed Fwd filter:                         5  (0.000165926); expected 0.3 (1e-05)
Initial search space (Z):              30134  [actual number of targets]
Domain search space  (domZ):               4  [number of targets reported over threshold]
# CPU time: 0.40u 0.14s 00:00:00.54 Elapsed: 00:00:00.53
# Mc/sec: 7176.97
//
Query:       OM451110.1_1  [L=1441]
Description: # 2 # 4324 # 1 # ID=49_1;partial=10;start_type=Edge;rbs_motif=None;rbs_spacer=None;genetic_code=11;gc_cont=0.486
Scores for complete sequence (score includes all domains):
   --- full sequence ---   --- best 1 domain ---    -#dom-
    E-value  score  bias    E-value  score  bias    exp  N  Model         Description
    ------- ------ -----    ------- ------ -----   ---- --  --------      -----------
    1.7e-38  133.2   0.1    2.9e-38  132.5   0.1    1.2  1  RdRP_1         Viral RNA-dependent RNA polymerase
    7.6e-16   59.3   6.0    1.3e-15   58.5   6.0    1.3  1  Astro_1A       Astrovirus transmembrane protein 1A
    1.1e-15   59.1   4.0    3.1e-15   57.6   4.0    1.8  1  Astro_VPg      Astrovirus VPg protein
      2e-12   48.8   0.8    3.7e-12   47.9   0.8    1.5  1  Trypsin_2      Trypsin-like peptidase domain
    8.4e-05   22.6   1.1    0.00015   21.8   1.1    1.3  1  Peptidase_S32  Equine arteritis virus serine endopeptidase S3
    0.00033   21.2   0.2    0.00065   20.2   0.2    1.4  1  Astrovir_pp_1  Astroviridae polyprotein 1
    0.00056   20.6   0.0      0.001   19.8   0.0    1.4  1  Peptidase_C3   3C cysteine protease (picornain 3C)
  ------ inclusion threshold ------
        3.7    8.3   4.7        4.1    8.2   0.2    3.0  3  SpoOE-like     Spo0E like sporulation regulatory protein


Domain annotation for each model:
>> RdRP_1  Viral RNA-dependent RNA polymerase
   #    score  bias  c-Evalue  i-Evalue hmmfrom  hmm to    alifrom  ali to    envfrom  env to     acc
 ---   ------ ----- --------- --------- ------- -------    ------- -------    ------- -------    ----
   1 !  132.5   0.1   7.7e-42   2.9e-38     145     393 ..    1102    1350 ..    1065    1362 .. 0.92

>> Astro_1A  Astrovirus transmembrane protein 1A
   #    score  bias  c-Evalue  i-Evalue hmmfrom  hmm to    alifrom  ali to    envfrom  env to     acc
 ---   ------ ----- --------- --------- ------- -------    ------- -------    ------- -------    ----
   1 !   58.5   6.0   3.5e-19   1.3e-15      72     229 ..     298     455 ..     277     469 .. 0.90

>> Astro_VPg  Astrovirus VPg protein
   #    score  bias  c-Evalue  i-Evalue hmmfrom  hmm to    alifrom  ali to    envfrom  env to     acc
 ---   ------ ----- --------- --------- ------- -------    ------- -------    ------- -------    ----
   1 !   57.6   4.0   8.2e-19   3.1e-15       1      90 [.     700     786 ..     700     802 .. 0.76

>> Trypsin_2  Trypsin-like peptidase domain
   #    score  bias  c-Evalue  i-Evalue hmmfrom  hmm to    alifrom  ali to    envfrom  env to     acc
 ---   ------ ----- --------- --------- ------- -------    ------- -------    ------- -------    ----
   1 !   47.9   0.8   9.9e-16   3.7e-12       1     145 []     500     621 ..     500     621 .. 0.88

>> Peptidase_S32  Equine arteritis virus serine endopeptidase S32
   #    score  bias  c-Evalue  i-Evalue hmmfrom  hmm to    alifrom  ali to    envfrom  env to     acc
 ---   ------ ----- --------- --------- ------- -------    ------- -------    ------- -------    ----
   1 !   21.8   1.1     4e-08   0.00015     119     236 ..     503     634 ..     488     649 .. 0.65

>> Astrovir_pp_1  Astroviridae polyprotein 1
   #    score  bias  c-Evalue  i-Evalue hmmfrom  hmm to    alifrom  ali to    envfrom  env to     acc
 ---   ------ ----- --------- --------- ------- -------    ------- -------    ------- -------    ----
   1 !   20.2   0.2   1.7e-07   0.00065      74     165 ..     830     930 ..     783     938 .. 0.63

>> Peptidase_C3  3C cysteine protease (picornain 3C)
   #    score  bias  c-Evalue  i-Evalue hmmfrom  hmm to    alifrom  ali to    envfrom  env to     acc
 ---   ------ ----- --------- --------- ------- -------    ------- -------    ------- -------    ----
   1 !   19.8   0.0   2.7e-07     0.001     114     165 ..     572     626 ..     545     627 .. 0.78

>> SpoOE-like  Spo0E like sporulation regulatory protein
   #    score  bias  c-Evalue  i-Evalue hmmfrom  hmm to    alifrom  ali to    envfrom  env to     acc
 ---   ------ ----- --------- --------- ------- -------    ------- -------    ------- -------    ----
   1 ?    8.2   0.2    0.0011       4.1       2      28 ..     647     677 ..     647     678 .. 0.81
   2 ?    0.3   0.2      0.31   1.2e+03       2      16 ..     684     698 ..     683     705 .. 0.83
   3 ?   -2.4   0.0       2.2   8.5e+03      15      28 ..     735     747 ..     733     748 .. 0.80



Internal pipeline statistics summary:
-------------------------------------
Query sequence(s):                         1  (1441 residues searched)
Target model(s):                       30134  (4754065 nodes)
Passed MSV filter:                      1266  (0.0420123); expected 602.7 (0.02)
Passed bias filter:                      923  (0.0306299); expected 602.7 (0.02)
Passed Vit filter:                        79  (0.00262162); expected 30.1 (0.001)
Passed Fwd filter:                        11  (0.000365036); expected 0.3 (1e-05)
Initial search space (Z):              30134  [actual number of targets]
Domain search space  (domZ):               8  [number of targets reported over threshold]
# CPU time: 0.56u 0.15s 00:00:00.71 Elapsed: 00:00:00.80
# Mc/sec: 8546.63
//
Query:       OM451110.1_2  [L=823]
Description: # 4317 # 6785 # 1 # ID=49_2;partial=00;start_type=ATG;rbs_motif=AGGAG(G)/GGAGG;rbs_spacer=13-15bp;genetic_code=11;gc_cont=0.522
Scores for complete sequence (score includes all domains):
   --- full sequence ---   --- best 1 domain ---    -#dom-
    E-value  score  bias    E-value  score  bias    exp  N  Model          Description
    ------- ------ -----    ------- ------ -----   ---- --  --------       -----------
    7.1e-67  226.1   4.3    7.1e-67  226.1   4.3    1.6  2  Astro_capsid_N  Astrovirus capsid protein nucleoplasmin-like 
    1.9e-05   25.5   0.2    7.1e-05   23.6   0.1    2.0  2  SP2_M           Structural protein 2 second domain
     0.0002   21.8   0.2     0.0013   19.2   0.2    2.3  1  SP2             Structural protein 2 nucleoplasmin-like domai
    0.00088   19.3   0.5     0.0014   18.6   0.5    1.3  1  Astro_capsid_p  Turkey astrovirus capsid protein


Domain annotation for each model:
>> Astro_capsid_N  Astrovirus capsid protein nucleoplasmin-like domain
   #    score  bias  c-Evalue  i-Evalue hmmfrom  hmm to    alifrom  ali to    envfrom  env to     acc
 ---   ------ ----- --------- --------- ------- -------    ------- -------    ------- -------    ----
   1 !  226.1   4.3   9.4e-71   7.1e-67      14     249 .]      10     249 ..       2     249 .. 0.83
   2 ?   -3.7   0.1       1.3   9.9e+03     139     166 ..     380     406 ..     373     413 .. 0.67

>> SP2_M  Structural protein 2 second domain
   #    score  bias  c-Evalue  i-Evalue hmmfrom  hmm to    alifrom  ali to    envfrom  env to     acc
 ---   ------ ----- --------- --------- ------- -------    ------- -------    ------- -------    ----
   1 !   23.6   0.1   9.4e-09   7.1e-05      44     116 ..     301     373 ..     261     392 .. 0.75
   2 ?   -3.9   0.0       2.9   2.2e+04       4      21 ..     572     589 ..     571     599 .. 0.71

>> SP2  Structural protein 2 nucleoplasmin-like domain
   #    score  bias  c-Evalue  i-Evalue hmmfrom  hmm to    alifrom  ali to    envfrom  env to     acc
 ---   ------ ----- --------- --------- ------- -------    ------- -------    ------- -------    ----
   1 !   19.2   0.2   1.7e-07    0.0013      36     204 ..      94     248 ..      71     249 .. 0.77

>> Astro_capsid_p  Turkey astrovirus capsid protein
   #    score  bias  c-Evalue  i-Evalue hmmfrom  hmm to    alifrom  ali to    envfrom  env to     acc
 ---   ------ ----- --------- --------- ------- -------    ------- -------    ------- -------    ----
   1 !   18.6   0.5   1.9e-07    0.0014     253     363 .]     716     822 ..     676     822 .. 0.80



Internal pipeline statistics summary:
-------------------------------------
Query sequence(s):                         1  (823 residues searched)
Target model(s):                       30134  (4754065 nodes)
Passed MSV filter:                       827  (0.0274441); expected 602.7 (0.02)
Passed bias filter:                      616  (0.020442); expected 602.7 (0.02)
Passed Vit filter:                        46  (0.00152651); expected 30.1 (0.001)
Passed Fwd filter:                         4  (0.00013274); expected 0.3 (1e-05)
Initial search space (Z):              30134  [actual number of targets]
Domain search space  (domZ):               4  [number of targets reported over threshold]
# CPU time: 0.34u 0.15s 00:00:00.49 Elapsed: 00:00:00.57
# Mc/sec: 6775.38
//
Query:       OM451104.1_1  [L=1312]
Description: # 29 # 3964 # 1 # ID=50_1;partial=00;start_type=ATG;rbs_motif=None;rbs_spacer=None;genetic_code=11;gc_cont=0.490
Scores for complete sequence (score includes all domains):
   --- full sequence ---   --- best 1 domain ---    -#dom-
    E-value  score  bias    E-value  score  bias    exp  N  Model         Description
    ------- ------ -----    ------- ------ -----   ---- --  --------      -----------
    4.7e-44  151.6   0.0    7.7e-44  150.9   0.0    1.2  1  RdRP_1         Viral RNA-dependent RNA polymerase
    7.9e-10   40.4   0.1    1.7e-09   39.3   0.1    1.6  1  Trypsin_2      Trypsin-like peptidase domain
    3.2e-09   38.3   2.5    8.1e-09   37.0   2.5    1.7  1  Astro_VPg      Astrovirus VPg protein
     0.0032   17.4   0.1     0.0071   16.3   0.1    1.5  1  Peptidase_S32  Equine arteritis virus serine endopeptidase S3
  ------ inclusion threshold ------
      0.013   16.2   2.4      0.014   16.1   0.0    2.1  2  Peptidase_C3   3C cysteine protease (picornain 3C)
      0.092   13.2   8.1       0.15   12.5   8.1    1.2  1  Astro_1A       Astrovirus transmembrane protein 1A
       0.13   12.6   3.0        2.4    8.5   0.1    2.4  2  ENTR1          ENTR1
       0.24   11.4   0.1        0.4   10.7   0.1    1.2  1  PFK            Phosphofructokinase
       0.44   10.7   2.7        1.1    9.4   2.7    1.6  1  HAUS-augmin3   HAUS augmin-like complex subunit 3


Domain annotation for each model:
>> RdRP_1  Viral RNA-dependent RNA polymerase
   #    score  bias  c-Evalue  i-Evalue hmmfrom  hmm to    alifrom  ali to    envfrom  env to     acc
 ---   ------ ----- --------- --------- ------- -------    ------- -------    ------- -------    ----
   1 !  150.9   0.0   2.3e-47   7.7e-44      49     396 ..     879    1225 ..     855    1241 .. 0.88

>> Trypsin_2  Trypsin-like peptidase domain
   #    score  bias  c-Evalue  i-Evalue hmmfrom  hmm to    alifrom  ali to    envfrom  env to     acc
 ---   ------ ----- --------- --------- ------- -------    ------- -------    ------- -------    ----
   1 !   39.3   0.1   5.1e-13   1.7e-09       1     145 []     426     546 ..     426     546 .. 0.77

>> Astro_VPg  Astrovirus VPg protein
   #    score  bias  c-Evalue  i-Evalue hmmfrom  hmm to    alifrom  ali to    envfrom  env to     acc
 ---   ------ ----- --------- --------- ------- -------    ------- -------    ------- -------    ----
   1 !   37.0   2.5   2.4e-12   8.1e-09       1      91 [.     635     719 ..     635     730 .. 0.74

>> Peptidase_S32  Equine arteritis virus serine endopeptidase S32
   #    score  bias  c-Evalue  i-Evalue hmmfrom  hmm to    alifrom  ali to    envfrom  env to     acc
 ---   ------ ----- --------- --------- ------- -------    ------- -------    ------- -------    ----
   1 !   16.3   0.1   2.1e-06    0.0071     114     226 ..     424     548 ..     403     563 .. 0.69

>> Peptidase_C3  3C cysteine protease (picornain 3C)
   #    score  bias  c-Evalue  i-Evalue hmmfrom  hmm to    alifrom  ali to    envfrom  env to     acc
 ---   ------ ----- --------- --------- ------- -------    ------- -------    ------- -------    ----
   1 ?   -1.8   0.7       1.3   4.4e+03     146     161 ..     430     445 ..     425     447 .. 0.92
   2 ?   16.1   0.0   4.2e-06     0.014     129     166 .]     514     552 ..     504     552 .. 0.89

>> Astro_1A  Astrovirus transmembrane protein 1A
   #    score  bias  c-Evalue  i-Evalue hmmfrom  hmm to    alifrom  ali to    envfrom  env to     acc
 ---   ------ ----- --------- --------- ------- -------    ------- -------    ------- -------    ----
   1 ?   12.5   8.1   4.5e-05      0.15      72     240 ..     225     392 ..     215     396 .. 0.80

>> ENTR1  ENTR1
   #    score  bias  c-Evalue  i-Evalue hmmfrom  hmm to    alifrom  ali to    envfrom  env to     acc
 ---   ------ ----- --------- --------- ------- -------    ------- -------    ------- -------    ----
   1 ?    8.5   0.1   0.00072       2.4      21      55 ..     104     138 ..      87     144 .. 0.82
   2 ?    3.6   0.7     0.022        75     107     129 ..     576     598 ..     560     637 .. 0.67

>> PFK  Phosphofructokinase
   #    score  bias  c-Evalue  i-Evalue hmmfrom  hmm to    alifrom  ali to    envfrom  env to     acc
 ---   ------ ----- --------- --------- ------- -------    ------- -------    ------- -------    ----
   1 ?   10.7   0.1   0.00012       0.4     147     256 ..     519     644 ..     515     656 .. 0.64

>> HAUS-augmin3  HAUS augmin-like complex subunit 3
   #    score  bias  c-Evalue  i-Evalue hmmfrom  hmm to    alifrom  ali to    envfrom  env to     acc
 ---   ------ ----- --------- --------- ------- -------    ------- -------    ------- -------    ----
   1 ?    9.4   2.7   0.00032       1.1      81     139 ..     574     632 ..     559     643 .. 0.89



Internal pipeline statistics summary:
-------------------------------------
Query sequence(s):                         1  (1312 residues searched)
Target model(s):                       30134  (4754065 nodes)
Passed MSV filter:                      1726  (0.0572775); expected 602.7 (0.02)
Passed bias filter:                     1115  (0.0370014); expected 602.7 (0.02)
Passed Vit filter:                       120  (0.00398221); expected 30.1 (0.001)
Passed Fwd filter:                         9  (0.000298666); expected 0.3 (1e-05)
Initial search space (Z):              30134  [actual number of targets]
Domain search space  (domZ):               9  [number of targets reported over threshold]
# CPU time: 0.59u 0.13s 00:00:00.72 Elapsed: 00:00:00.72
# Mc/sec: 8590.81
//
Query:       OM451104.1_2  [L=796]
Description: # 3909 # 6296 # 1 # ID=50_2;partial=00;start_type=ATG;rbs_motif=None;rbs_spacer=None;genetic_code=11;gc_cont=0.530
Scores for complete sequence (score includes all domains):
   --- full sequence ---   --- best 1 domain ---    -#dom-
    E-value  score  bias    E-value  score  bias    exp  N  Model          Description
    ------- ------ -----    ------- ------ -----   ---- --  --------       -----------
    3.7e-52  177.9   1.6    6.5e-52  177.1   1.6    1.4  1  Astro_capsid_N  Astrovirus capsid protein nucleoplasmin-like 
      4e-07   30.6   0.0    8.6e-07   29.5   0.0    1.5  1  SP2             Structural protein 2 nucleoplasmin-like domai
     0.0026   17.7   0.1     0.0049   16.8   0.1    1.4  1  Astro_capsid_p  Turkey astrovirus capsid protein
  ------ inclusion threshold ------
      0.047   14.5   0.0      0.097   13.5   0.0    1.4  1  SP2_M           Structural protein 2 second domain


Domain annotation for each model:
>> Astro_capsid_N  Astrovirus capsid protein nucleoplasmin-like domain
   #    score  bias  c-Evalue  i-Evalue hmmfrom  hmm to    alifrom  ali to    envfrom  env to     acc
 ---   ------ ----- --------- --------- ------- -------    ------- -------    ------- -------    ----
   1 !  177.1   1.6   8.7e-56   6.5e-52      28     249 .]      52     268 ..      19     268 .. 0.88

>> SP2  Structural protein 2 nucleoplasmin-like domain
   #    score  bias  c-Evalue  i-Evalue hmmfrom  hmm to    alifrom  ali to    envfrom  env to     acc
 ---   ------ ----- --------- --------- ------- -------    ------- -------    ------- -------    ----
   1 !   29.5   0.0   1.1e-10   8.6e-07      53     205 .]     132     268 ..      91     268 .. 0.85

>> Astro_capsid_p  Turkey astrovirus capsid protein
   #    score  bias  c-Evalue  i-Evalue hmmfrom  hmm to    alifrom  ali to    envfrom  env to     acc
 ---   ------ ----- --------- --------- ------- -------    ------- -------    ------- -------    ----
   1 !   16.8   0.1   6.5e-07    0.0049     300     340 ..     751     792 ..     748     794 .. 0.90

>> SP2_M  Structural protein 2 second domain
   #    score  bias  c-Evalue  i-Evalue hmmfrom  hmm to    alifrom  ali to    envfrom  env to     acc
 ---   ------ ----- --------- --------- ------- -------    ------- -------    ------- -------    ----
   1 ?   13.5   0.0   1.3e-05     0.097      14     116 ..     284     380 ..     278     386 .. 0.72



Internal pipeline statistics summary:
-------------------------------------
Query sequence(s):                         1  (796 residues searched)
Target model(s):                       30134  (4754065 nodes)
Passed MSV filter:                       625  (0.0207407); expected 602.7 (0.02)
Passed bias filter:                      503  (0.0166921); expected 602.7 (0.02)
Passed Vit filter:                        49  (0.00162607); expected 30.1 (0.001)
Passed Fwd filter:                         5  (0.000165926); expected 0.3 (1e-05)
Initial search space (Z):              30134  [actual number of targets]
Domain search space  (domZ):               4  [number of targets reported over threshold]
# CPU time: 0.32u 0.15s 00:00:00.47 Elapsed: 00:00:00.46
# Mc/sec: 8142.89
//
Query:       MZ603072.1_1  [L=2244]
Description: # 1 # 6732 # 1 # ID=51_1;partial=10;start_type=Edge;rbs_motif=None;rbs_spacer=None;genetic_code=11;gc_cont=0.490
Scores for complete sequence (score includes all domains):
   --- full sequence ---   --- best 1 domain ---    -#dom-
    E-value  score  bias    E-value  score  bias    exp  N  Model          Description
    ------- ------ -----    ------- ------ -----   ---- --  --------       -----------
     9e-160  532.5   1.2   1.6e-159  531.6   1.2    1.5  1  Astro_capsid_p  Turkey astrovirus capsid protein
   4.5e-130  433.1   5.2   4.5e-130  433.1   5.2    1.8  2  Astro_capsid_N  Astrovirus capsid protein nucleoplasmin-like 
   2.6e-118  392.4   0.0   5.4e-118  391.3   0.0    1.6  1  Astro_p19       Astrovirus p19 protein
    6.1e-98  328.1  11.9    7.4e-60  203.4   2.3    2.3  2  Astro_1A        Astrovirus transmembrane protein 1A
    6.7e-98  326.1   4.2    1.2e-97  325.3   4.2    1.4  1  Astrovir_pp_1   Astroviridae polyprotein 1
    3.9e-41  140.8   7.4    1.2e-40  139.3   7.4    1.9  1  Astro_VPg       Astrovirus VPg protein
    1.6e-37  130.0   0.1      3e-37  129.1   0.1    1.3  1  RdRP_1          Viral RNA-dependent RNA polymerase
    2.1e-13   51.9   0.2    9.2e-13   49.9   0.2    2.2  1  Trypsin_2       Trypsin-like peptidase domain
  ------ inclusion threshold ------
       0.15   12.7   0.0       0.37   11.5   0.0    1.6  1  Peptidase_C3    3C cysteine protease (picornain 3C)
       0.18   13.0   0.0       0.56   11.4   0.0    1.8  1  DUF8020         Domain of unknown function (DUF8020)
       0.19   12.1   0.1       0.46   10.8   0.1    1.6  1  SP2             Structural protein 2 nucleoplasmin-like domai
       0.25   11.2   0.0       0.59   10.0   0.0    1.5  1  Peptidase_C4    Peptidase family C4
       0.36   12.0   7.9        1.4   10.2   0.6    2.7  2  ZapB            ZapB family
       0.37   10.6   7.6       0.69    9.7   7.6    1.3  1  CoV_nucleocap   Coronavirus nucleocapsid


Domain annotation for each model:
>> Astro_capsid_p  Turkey astrovirus capsid protein
   #    score  bias  c-Evalue  i-Evalue hmmfrom  hmm to    alifrom  ali to    envfrom  env to     acc
 ---   ------ ----- --------- --------- ------- -------    ------- -------    ------- -------    ----
   1 !  531.6   1.2  7.6e-163  1.6e-159       1     363 []    1888    2243 ..    1888    2243 .. 0.99

>> Astro_capsid_N  Astrovirus capsid protein nucleoplasmin-like domain
   #    score  bias  c-Evalue  i-Evalue hmmfrom  hmm to    alifrom  ali to    envfrom  env to     acc
 ---   ------ ----- --------- --------- ------- -------    ------- -------    ------- -------    ----
   1 !  433.1   5.2  2.1e-133  4.5e-130       1     249 []    1473    1714 ..    1473    1714 .. 1.00
   2 ?   -2.5   0.1         2   4.3e+03     225     249 .]    1984    2008 ..    1974    2008 .. 0.77

>> Astro_p19  Astrovirus p19 protein
   #    score  bias  c-Evalue  i-Evalue hmmfrom  hmm to    alifrom  ali to    envfrom  env to     acc
 ---   ------ ----- --------- --------- ------- -------    ------- -------    ------- -------    ----
   1 !  391.3   0.0  2.5e-121  5.4e-118       1     174 []       1     174 [.       1     174 [. 1.00

>> Astro_1A  Astrovirus transmembrane protein 1A
   #    score  bias  c-Evalue  i-Evalue hmmfrom  hmm to    alifrom  ali to    envfrom  env to     acc
 ---   ------ ----- --------- --------- ------- -------    ------- -------    ------- -------    ----
   1 !  203.4   2.3   3.4e-63   7.4e-60       1      94 [.     176     269 ..     176     276 .. 0.98
   2 !  129.7   2.2   1.1e-40   2.4e-37     175     244 .]     350     419 ..     344     419 .. 0.97

>> Astrovir_pp_1  Astroviridae polyprotein 1
   #    score  bias  c-Evalue  i-Evalue hmmfrom  hmm to    alifrom  ali to    envfrom  env to     acc
 ---   ------ ----- --------- --------- ------- -------    ------- -------    ------- -------    ----
   1 !  325.3   4.2  5.7e-101   1.2e-97       1     157 [.     756     912 ..     756     919 .. 0.99

>> Astro_VPg  Astrovirus VPg protein
   #    score  bias  c-Evalue  i-Evalue hmmfrom  hmm to    alifrom  ali to    envfrom  env to     acc
 ---   ------ ----- --------- --------- ------- -------    ------- -------    ------- -------    ----
   1 !  139.3   7.4   5.4e-44   1.2e-40       1     104 []     664     755 ..     664     755 .. 0.99

>> RdRP_1  Viral RNA-dependent RNA polymerase
   #    score  bias  c-Evalue  i-Evalue hmmfrom  hmm to    alifrom  ali to    envfrom  env to     acc
 ---   ------ ----- --------- --------- ------- -------    ------- -------    ------- -------    ----
   1 !  129.1   0.1   1.4e-40     3e-37     139     395 ..    1112    1366 ..    1071    1414 .. 0.88

>> Trypsin_2  Trypsin-like peptidase domain
   #    score  bias  c-Evalue  i-Evalue hmmfrom  hmm to    alifrom  ali to    envfrom  env to     acc
 ---   ------ ----- --------- --------- ------- -------    ------- -------    ------- -------    ----
   1 !   49.9   0.2   4.3e-16   9.2e-13       1     145 []     447     565 ..     447     565 .. 0.88

>> Peptidase_C3  3C cysteine protease (picornain 3C)
   #    score  bias  c-Evalue  i-Evalue hmmfrom  hmm to    alifrom  ali to    envfrom  env to     acc
 ---   ------ ----- --------- --------- ------- -------    ------- -------    ------- -------    ----
   1 ?   11.5   0.0   0.00017      0.37      90     165 ..     493     570 ..     485     571 .. 0.78

>> DUF8020  Domain of unknown function (DUF8020)
   #    score  bias  c-Evalue  i-Evalue hmmfrom  hmm to    alifrom  ali to    envfrom  env to     acc
 ---   ------ ----- --------- --------- ------- -------    ------- -------    ------- -------    ----
   1 ?   11.4   0.0   0.00026      0.56      28      46 ..     388     406 ..     383     413 .. 0.87

>> SP2  Structural protein 2 nucleoplasmin-like domain
   #    score  bias  c-Evalue  i-Evalue hmmfrom  hmm to    alifrom  ali to    envfrom  env to     acc
 ---   ------ ----- --------- --------- ------- -------    ------- -------    ------- -------    ----
   1 ?   10.8   0.1   0.00021      0.46      25     205 .]    1548    1714 ..    1535    1714 .. 0.73

>> Peptidase_C4  Peptidase family C4
   #    score  bias  c-Evalue  i-Evalue hmmfrom  hmm to    alifrom  ali to    envfrom  env to     acc
 ---   ------ ----- --------- --------- ------- -------    ------- -------    ------- -------    ----
   1 ?   10.0   0.0   0.00027      0.59      20     118 ..     437     522 ..     421     557 .. 0.81

>> ZapB  ZapB family
   #    score  bias  c-Evalue  i-Evalue hmmfrom  hmm to    alifrom  ali to    envfrom  env to     acc
 ---   ------ ----- --------- --------- ------- -------    ------- -------    ------- -------    ----
   1 ?    4.6   1.5     0.035        76      15      53 ..     104     142 ..     102     153 .. 0.93
   2 ?   10.2   0.6   0.00065       1.4      19      45 ..     592     618 ..     588     654 .. 0.85

>> CoV_nucleocap  Coronavirus nucleocapsid
   #    score  bias  c-Evalue  i-Evalue hmmfrom  hmm to    alifrom  ali to    envfrom  env to     acc
 ---   ------ ----- --------- --------- ------- -------    ------- -------    ------- -------    ----
   1 ?    9.7   7.6   0.00032      0.69     122     190 ..    1457    1531 ..    1448    1551 .. 0.70



Internal pipeline statistics summary:
-------------------------------------
Query sequence(s):                         1  (2244 residues searched)
Target model(s):                       30134  (4754065 nodes)
Passed MSV filter:                      1231  (0.0408509); expected 602.7 (0.02)
Passed bias filter:                      811  (0.0269131); expected 602.7 (0.02)
Passed Vit filter:                        90  (0.00298666); expected 30.1 (0.001)
Passed Fwd filter:                        16  (0.000530962); expected 0.3 (1e-05)
Initial search space (Z):              30134  [actual number of targets]
Domain search space  (domZ):              14  [number of targets reported over threshold]
# CPU time: 0.84u 0.14s 00:00:00.98 Elapsed: 00:00:01.00
# Mc/sec: 10600.93
//
Query:       MN033872.1_1  [L=2415]
Description: # 800 # 8044 # 1 # ID=52_1;partial=00;start_type=ATG;rbs_motif=None;rbs_spacer=None;genetic_code=11;gc_cont=0.349
Scores for complete sequence (score includes all domains):
   --- full sequence ---   --- best 1 domain ---    -#dom-
    E-value  score  bias    E-value  score  bias    exp  N  Model     Description
    ------- ------ -----    ------- ------ -----   ---- --  --------  -----------
    3.7e-15   56.3   0.1    7.8e-15   55.2   0.1    1.5  1  RdRP_1     Viral RNA-dependent RNA polymerase
  ------ inclusion threshold ------
      0.015   16.7   0.0       0.03   15.8   0.0    1.5  1  Trypsin_2  Trypsin-like peptidase domain
      0.038   14.4   6.0        1.9    8.9   0.3    4.3  5  NDUFA3     NADH dehydrogenase [ubiquinone] 1 alpha subcomplex
        0.8    9.5  11.8        1.9    8.3  11.8    1.5  1  SEG2       Eisosome protein SEG2
        1.2   10.0   4.5         11    6.8   0.2    3.7  3  ETRAMP     Malarial early transcribed membrane protein (ETRAM


Domain annotation for each model:
>> RdRP_1  Viral RNA-dependent RNA polymerase
   #    score  bias  c-Evalue  i-Evalue hmmfrom  hmm to    alifrom  ali to    envfrom  env to     acc
 ---   ------ ----- --------- --------- ------- -------    ------- -------    ------- -------    ----
   1 !   55.2   0.1   1.3e-18   7.8e-15      91     348 ..    1882    2148 ..    1809    2167 .. 0.76

>> Trypsin_2  Trypsin-like peptidase domain
   #    score  bias  c-Evalue  i-Evalue hmmfrom  hmm to    alifrom  ali to    envfrom  env to     acc
 ---   ------ ----- --------- --------- ------- -------    ------- -------    ------- -------    ----
   1 ?   15.8   0.0     5e-06      0.03     115     145 .]    1334    1364 ..    1267    1364 .. 0.85

>> NDUFA3  NADH dehydrogenase [ubiquinone] 1 alpha subcomplex subunit 3
   #    score  bias  c-Evalue  i-Evalue hmmfrom  hmm to    alifrom  ali to    envfrom  env to     acc
 ---   ------ ----- --------- --------- ------- -------    ------- -------    ------- -------    ----
   1 ?   -2.6   0.0       1.3   7.8e+03      34      50 ..     478     494 ..     450     495 .. 0.72
   2 ?   -0.8   0.0      0.34   2.1e+03      15      50 ..     666     699 ..     663     700 .. 0.71
   3 ?    8.9   0.3   0.00032       1.9      19      46 ..     701     729 ..     698     733 .. 0.81
   4 ?    5.1   0.0    0.0051        31      18      39 ..     874     895 ..     870     912 .. 0.85
   5 ?   -2.2   0.0      0.94   5.7e+03      21      54 ..    2078    2108 ..    2074    2116 .. 0.79

>> SEG2  Eisosome protein SEG2
   #    score  bias  c-Evalue  i-Evalue hmmfrom  hmm to    alifrom  ali to    envfrom  env to     acc
 ---   ------ ----- --------- --------- ------- -------    ------- -------    ------- -------    ----
   1 ?    8.3  11.8   0.00032       1.9     241     470 ..      22     315 ..       3     327 .. 0.61

>> ETRAMP  Malarial early transcribed membrane protein (ETRAMP)
   #    score  bias  c-Evalue  i-Evalue hmmfrom  hmm to    alifrom  ali to    envfrom  env to     acc
 ---   ------ ----- --------- --------- ------- -------    ------- -------    ------- -------    ----
   1 ?    2.0   0.1      0.06   3.6e+02      45      76 ..     639     669 ..     627     672 .. 0.77
   2 ?   -0.9   0.0      0.46   2.8e+03      48      71 ..     693     716 ..     685     725 .. 0.64
   3 ?    6.8   0.2    0.0019        11      37      77 ..     848     888 ..     844     892 .. 0.81



Internal pipeline statistics summary:
-------------------------------------
Query sequence(s):                         1  (2415 residues searched)
Target model(s):                       30134  (4754065 nodes)
Passed MSV filter:                      2242  (0.074401); expected 602.7 (0.02)
Passed bias filter:                      950  (0.0315259); expected 602.7 (0.02)
Passed Vit filter:                        79  (0.00262162); expected 30.1 (0.001)
Passed Fwd filter:                         9  (0.000298666); expected 0.3 (1e-05)
Initial search space (Z):              30134  [actual number of targets]
Domain search space  (domZ):               5  [number of targets reported over threshold]
# CPU time: 0.95u 0.12s 00:00:01.06 Elapsed: 00:00:01.24
# Mc/sec: 9221.42
//
Query:       MN033872.1_2  [L=528]
Description: # 8276 # 9859 # 1 # ID=52_2;partial=00;start_type=ATG;rbs_motif=TATA;rbs_spacer=13bp;genetic_code=11;gc_cont=0.410
Scores for complete sequence (score includes all domains):
   --- full sequence ---   --- best 1 domain ---    -#dom-
    E-value  score  bias    E-value  score  bias    exp  N  Model    Description
    ------- ------ -----    ------- ------ -----   ---- --  -------- -----------

   [No hits detected that satisfy reporting thresholds]


Domain annotation for each model:

   [No targets detected that satisfy reporting thresholds]


Internal pipeline statistics summary:
-------------------------------------
Query sequence(s):                         1  (528 residues searched)
Target model(s):                       30134  (4754065 nodes)
Passed MSV filter:                       899  (0.0298334); expected 602.7 (0.02)
Passed bias filter:                      671  (0.0222672); expected 602.7 (0.02)
Passed Vit filter:                        49  (0.00162607); expected 30.1 (0.001)
Passed Fwd filter:                         0  (0); expected 0.3 (1e-05)
Initial search space (Z):              30134  [actual number of targets]
Domain search space  (domZ):               0  [number of targets reported over threshold]
# CPU time: 0.26u 0.17s 00:00:00.43 Elapsed: 00:00:00.50
# Mc/sec: 4979.13
//
Query:       MG599898.1_1  [L=1015]
Description: # 227 # 3271 # 1 # ID=53_1;partial=00;start_type=ATG;rbs_motif=None;rbs_spacer=None;genetic_code=11;gc_cont=0.502
Scores for complete sequence (score includes all domains):
   --- full sequence ---   --- best 1 domain ---    -#dom-
    E-value  score  bias    E-value  score  bias    exp  N  Model         Description
    ------- ------ -----    ------- ------ -----   ---- --  --------      -----------
    8.2e-05   24.1   0.7    0.00085   20.8   0.7    2.3  1  Trypsin_2      Trypsin-like peptidase domain
    0.00097   19.6   0.7      0.013   15.9   0.1    2.4  2  Myco_protease  Mycoplasma immunoglobulin protease
     0.0039   17.8   0.0     0.0083   16.7   0.0    1.5  1  Peptidase_S7   Peptidase S7, Flavivirus NS3 serine protease
  ------ inclusion threshold ------
      0.011   16.4   0.1      0.028   15.1   0.1    1.7  1  Peptidase_C3   3C cysteine protease (picornain 3C)
      0.023   15.2   0.3       0.13   12.7   0.0    2.1  2  Trypsin        Trypsin
      0.047   14.2   0.1       0.19   12.2   0.1    2.0  2  Peptidase_S29  Hepatitis C virus NS3 protease
        8.9    7.4   9.6         19    6.4   4.8    2.8  3  BRF1           Brf1-like TBP-binding domain


Domain annotation for each model:
>> Trypsin_2  Trypsin-like peptidase domain
   #    score  bias  c-Evalue  i-Evalue hmmfrom  hmm to    alifrom  ali to    envfrom  env to     acc
 ---   ------ ----- --------- --------- ------- -------    ------- -------    ------- -------    ----
   1 !   20.8   0.7     2e-07   0.00085     109     145 .]     533     573 ..     443     573 .. 0.85

>> Myco_protease  Mycoplasma immunoglobulin protease
   #    score  bias  c-Evalue  i-Evalue hmmfrom  hmm to    alifrom  ali to    envfrom  env to     acc
 ---   ------ ----- --------- --------- ------- -------    ------- -------    ------- -------    ----
   1 !   15.9   0.1     3e-06     0.013     320     345 ..     550     575 ..     545     576 .. 0.89
   2 ?    1.3   0.1     0.082   3.5e+02     223     261 ..     682     717 ..     610     744 .. 0.62

>> Peptidase_S7  Peptidase S7, Flavivirus NS3 serine protease
   #    score  bias  c-Evalue  i-Evalue hmmfrom  hmm to    alifrom  ali to    envfrom  env to     acc
 ---   ------ ----- --------- --------- ------- -------    ------- -------    ------- -------    ----
   1 !   16.7   0.0   1.9e-06    0.0083      94     118 ..     555     579 ..     531     587 .. 0.88

>> Peptidase_C3  3C cysteine protease (picornain 3C)
   #    score  bias  c-Evalue  i-Evalue hmmfrom  hmm to    alifrom  ali to    envfrom  env to     acc
 ---   ------ ----- --------- --------- ------- -------    ------- -------    ------- -------    ----
   1 ?   15.1   0.1   6.5e-06     0.028     128     166 .]     540     579 ..     522     579 .. 0.89

>> Trypsin  Trypsin
   #    score  bias  c-Evalue  i-Evalue hmmfrom  hmm to    alifrom  ali to    envfrom  env to     acc
 ---   ------ ----- --------- --------- ------- -------    ------- -------    ------- -------    ----
   1 ?   -0.5   0.0      0.35   1.5e+03      28      62 ..     446     477 ..     424     497 .. 0.65
   2 ?   12.7   0.0   3.1e-05      0.13     172     211 ..     551     590 ..     520     595 .. 0.84

>> Peptidase_S29  Hepatitis C virus NS3 protease
   #    score  bias  c-Evalue  i-Evalue hmmfrom  hmm to    alifrom  ali to    envfrom  env to     acc
 ---   ------ ----- --------- --------- ------- -------    ------- -------    ------- -------    ----
   1 ?   12.2   0.1   4.5e-05      0.19     104     131 ..     553     580 ..     541     593 .. 0.83
   2 ?   -3.4   0.0       2.8   1.2e+04     106     120 ..     897     911 ..     883     912 .. 0.82

>> BRF1  Brf1-like TBP-binding domain
   #    score  bias  c-Evalue  i-Evalue hmmfrom  hmm to    alifrom  ali to    envfrom  env to     acc
 ---   ------ ----- --------- --------- ------- -------    ------- -------    ------- -------    ----
   1 ?   -3.9   0.2       6.9     3e+04      25      34 ..     124     133 ..     113     162 .. 0.45
   2 ?    2.4   0.0     0.078   3.3e+02      20      78 ..     461     533 ..     456     536 .. 0.62
   3 ?    6.4   4.8    0.0044        19      34      63 ..     959     988 ..     954    1008 .. 0.67



Internal pipeline statistics summary:
-------------------------------------
Query sequence(s):                         1  (1015 residues searched)
Target model(s):                       30134  (4754065 nodes)
Passed MSV filter:                      2180  (0.0723435); expected 602.7 (0.02)
Passed bias filter:                     1091  (0.036205); expected 602.7 (0.02)
Passed Vit filter:                       109  (0.00361718); expected 30.1 (0.001)
Passed Fwd filter:                        11  (0.000365036); expected 0.3 (1e-05)
Initial search space (Z):              30134  [actual number of targets]
Domain search space  (domZ):               7  [number of targets reported over threshold]
# CPU time: 0.48u 0.19s 00:00:00.67 Elapsed: 00:00:00.81
# Mc/sec: 5909.19
//
Query:       MG599898.1_2  [L=1072]
Description: # 3313 # 6528 # 1 # ID=53_2;partial=00;start_type=ATG;rbs_motif=GGA/GAG/AGG;rbs_spacer=5-10bp;genetic_code=11;gc_cont=0.518
Scores for complete sequence (score includes all domains):
   --- full sequence ---   --- best 1 domain ---    -#dom-
    E-value  score  bias    E-value  score  bias    exp  N  Model          Description
    ------- ------ -----    ------- ------ -----   ---- --  --------       -----------
    7.1e-50  170.7   0.0      1e-49  170.2   0.0    1.2  1  RdRP_1          Viral RNA-dependent RNA polymerase
    0.00054   20.8   0.0     0.0012   19.7   0.0    1.5  1  SP2_M           Structural protein 2 second domain
     0.0064   16.6   0.7      0.014   15.5   0.7    1.6  1  Astro_capsid_N  Astrovirus capsid protein nucleoplasmin-like 


Domain annotation for each model:
>> RdRP_1  Viral RNA-dependent RNA polymerase
   #    score  bias  c-Evalue  i-Evalue hmmfrom  hmm to    alifrom  ali to    envfrom  env to     acc
 ---   ------ ----- --------- --------- ------- -------    ------- -------    ------- -------    ----
   1 !  170.2   0.0     1e-53     1e-49      96     427 ..      98     419 ..      18     446 .. 0.84

>> SP2_M  Structural protein 2 second domain
   #    score  bias  c-Evalue  i-Evalue hmmfrom  hmm to    alifrom  ali to    envfrom  env to     acc
 ---   ------ ----- --------- --------- ------- -------    ------- -------    ------- -------    ----
   1 !   19.7   0.0   1.2e-07    0.0012      23     119 ..     744     843 ..     729     854 .. 0.73

>> Astro_capsid_N  Astrovirus capsid protein nucleoplasmin-like domain
   #    score  bias  c-Evalue  i-Evalue hmmfrom  hmm to    alifrom  ali to    envfrom  env to     acc
 ---   ------ ----- --------- --------- ------- -------    ------- -------    ------- -------    ----
   1 !   15.5   0.7   1.3e-06     0.014      88     179 ..     557     646 ..     461     706 .. 0.72



Internal pipeline statistics summary:
-------------------------------------
Query sequence(s):                         1  (1072 residues searched)
Target model(s):                       30134  (4754065 nodes)
Passed MSV filter:                       952  (0.0315922); expected 602.7 (0.02)
Passed bias filter:                      860  (0.0285392); expected 602.7 (0.02)
Passed Vit filter:                        61  (0.00202429); expected 30.1 (0.001)
Passed Fwd filter:                         3  (9.95553e-05); expected 0.3 (1e-05)
Initial search space (Z):              30134  [actual number of targets]
Domain search space  (domZ):               3  [number of targets reported over threshold]
# CPU time: 0.45u 0.14s 00:00:00.59 Elapsed: 00:00:00.72
# Mc/sec: 7008.69
//
[ok]
